Workbook

Sheet Product backlog
A1: ID | B1: Component | C1: Component describe | D1: Epic | E1: Epic describe | F1: Story | G1: Story description | H1: Story point | I1: Priority | J1: Sprint | K1: Release | L1: Status | M1: Start date | N1: End date | O1: Attach link
A2: =row()-1 -> 1 | B2: Nhập kho | C2: Tiếp nhận order từ SAP, điều phối vận hành tại kho thông qua task, kiểm soát tiến độ theo SLA/KPI, cập nhật tồn kho và đồng bộ trạng thái về SAP. | D2: Luồng nhập mua mới | E2: Quy trình xử lý từ khi SAP đồng bộ order về AIWS đến khi kho hoàn thành task và đồng bộ trạng thái ngược về SAP. | F2: Danh sách lệnh nhập | G2: Quản lý/xử lý nghiệp vụ danh sách lệnh nhập theo quyền, trạng thái, processProfile và rule tích hợp đã cấu hình. | J2: sprint 1 | K2: V1.0.0 | L2: developing | M2: 46235 | N2: 46249
A3: =row()-1 -> 2 | B3: Nhập kho | C3: Tiếp nhận order từ SAP, điều phối vận hành tại kho thông qua task, kiểm soát tiến độ theo SLA/KPI, cập nhật tồn kho và đồng bộ trạng thái về SAP. | D3: Luồng nhập mua mới | E3: Quy trình xử lý từ khi SAP đồng bộ order về AIWS đến khi kho hoàn thành task và đồng bộ trạng thái ngược về SAP. | F3: Xem chi tiết lệnh nhập - Tab Thông tin hàng hóa | G3: Quản lý/xử lý nghiệp vụ xem chi tiết lệnh nhập theo quyền, trạng thái, processProfile và rule tích hợp đã cấu hình. | J3: sprint 1 | K3: V1.0.0 | L3: developing | M3: 46235 | N3: 46249
A4: =row()-1 -> 3 | B4: Nhập kho | C4: Tiếp nhận order từ SAP, điều phối vận hành tại kho thông qua task, kiểm soát tiến độ theo SLA/KPI, cập nhật tồn kho và đồng bộ trạng thái về SAP. | D4: Luồng nhập mua mới | E4: Quy trình xử lý từ khi SAP đồng bộ order về AIWS đến khi kho hoàn thành task và đồng bộ trạng thái ngược về SAP. | F4: Xem chi tiết lệnh nhập - Tab Chứng từ | G4: Quản lý/xử lý nghiệp vụ tab chứng từ theo quyền, trạng thái, processProfile và rule tích hợp đã cấu hình. | J4: sprint 1 | K4: V1.0.0 | L4: developing | M4: 46235 | N4: 46249
A5: =row()-1 -> 4 | B5: Nhập kho | C5: Tiếp nhận order từ SAP, điều phối vận hành tại kho thông qua task, kiểm soát tiến độ theo SLA/KPI, cập nhật tồn kho và đồng bộ trạng thái về SAP. | D5: Luồng nhập mua mới | E5: Quy trình xử lý từ khi SAP đồng bộ order về AIWS đến khi kho hoàn thành task và đồng bộ trạng thái ngược về SAP. | F5: Xem chi tiết lệnh nhập - Tab Task | G5: Quản lý/xử lý nghiệp vụ tab Task theo quyền, trạng thái, processProfile và rule tích hợp đã cấu hình. | J5: sprint 1 | K5: V1.0.0 | L5: developing | M5: 46235 | N5: 46249
A6: =row()-1 -> 5 | B6: Nhập kho | C6: Tiếp nhận order từ SAP, điều phối vận hành tại kho thông qua task, kiểm soát tiến độ theo SLA/KPI, cập nhật tồn kho và đồng bộ trạng thái về SAP. | D6: Luồng nhập mua mới | E6: Quy trình xử lý từ khi SAP đồng bộ order về AIWS đến khi kho hoàn thành task và đồng bộ trạng thái ngược về SAP. | F6: Xem chi tiết lệnh nhập - Tab Kết quả KCS | G6: Quản lý/xử lý nghiệp vụ tab Kết quả KCS theo quyền, trạng thái, processProfile và rule tích hợp đã cấu hình. | J6: sprint 1 | K6: V1.0.0 | L6: developing | M6: 46235 | N6: 46249
A7: =row()-1 -> 6 | B7: Nhập kho | C7: Tiếp nhận order từ SAP, điều phối vận hành tại kho thông qua task, kiểm soát tiến độ theo SLA/KPI, cập nhật tồn kho và đồng bộ trạng thái về SAP. | D7: Luồng nhập mua mới | E7: Quy trình xử lý từ khi SAP đồng bộ order về AIWS đến khi kho hoàn thành task và đồng bộ trạng thái ngược về SAP. | F7: Xem chi tiết lệnh nhập - Tab Vận chuyển | G7: Quản lý/xử lý nghiệp vụ tab Vận chuyển theo quyền, trạng thái, processProfile và rule tích hợp đã cấu hình. | J7: sprint 1 | K7: V1.0.0 | L7: developing | M7: 46235 | N7: 46249
A8: =row()-1 -> 7 | B8: Nhập kho | C8: Tiếp nhận order từ SAP, điều phối vận hành tại kho thông qua task, kiểm soát tiến độ theo SLA/KPI, cập nhật tồn kho và đồng bộ trạng thái về SAP. | D8: Luồng nhập mua mới | E8: Quy trình xử lý từ khi SAP đồng bộ order về AIWS đến khi kho hoàn thành task và đồng bộ trạng thái ngược về SAP. | F8: Xem chi tiết lệnh nhập - Tab Lịch sử | G8: Quản lý/xử lý nghiệp vụ tab lịch sử theo quyền, trạng thái, processProfile và rule tích hợp đã cấu hình. | J8: sprint 1 | K8: V1.0.0 | L8: developing | M8: 46235 | N8: 46249
A9: =row()-1 -> 8 | B9: Nhập kho | C9: Tiếp nhận order từ SAP, điều phối vận hành tại kho thông qua task, kiểm soát tiến độ theo SLA/KPI, cập nhật tồn kho và đồng bộ trạng thái về SAP. | D9: Luồng nhập mua mới | E9: Quy trình xử lý từ khi SAP đồng bộ order về AIWS đến khi kho hoàn thành task và đồng bộ trạng thái ngược về SAP. | F9: [Order] Export Excel | G9: Export danh sách order theo điều kiện tìm kiếm. | J9: sprint 1 | K9: V1.0.0 | L9: developing | M9: 46235 | N9: 46249
A10: =row()-1 -> 9 | B10: Nhập kho | C10: Tiếp nhận order từ SAP, điều phối vận hành tại kho thông qua task, kiểm soát tiến độ theo SLA/KPI, cập nhật tồn kho và đồng bộ trạng thái về SAP. | D10: Luồng nhập mua mới | E10: Quy trình xử lý từ khi SAP đồng bộ order về AIWS đến khi kho hoàn thành task và đồng bộ trạng thái ngược về SAP. | F10: [Order] Tìm kiếm nhanh | G10: Tìm kiếm nhanh order theo mã lệnh. | J10: sprint 1 | K10: V1.0.0 | L10: developing | M10: 46235 | N10: 46249
A11: =row()-1 -> 10 | B11: Nhập kho | C11: Tiếp nhận order từ SAP, điều phối vận hành tại kho thông qua task, kiểm soát tiến độ theo SLA/KPI, cập nhật tồn kho và đồng bộ trạng thái về SAP. | D11: Luồng nhập mua mới | E11: Quy trình xử lý từ khi SAP đồng bộ order về AIWS đến khi kho hoàn thành task và đồng bộ trạng thái ngược về SAP. | F11: [Order] Tìm kiếm nâng cao | G11: Tìm kiếm order theo bộ điều kiện tìm kiếm. | J11: sprint 1 | K11: V1.0.0 | L11: developing | M11: 46235 | N11: 46249
A12: =row()-1 -> 11 | B12: Nhập kho | C12: Tiếp nhận order từ SAP, điều phối vận hành tại kho thông qua task, kiểm soát tiến độ theo SLA/KPI, cập nhật tồn kho và đồng bộ trạng thái về SAP. | D12: Luồng nhập mua mới | E12: Quy trình xử lý từ khi SAP đồng bộ order về AIWS đến khi kho hoàn thành task và đồng bộ trạng thái ngược về SAP. | F12: Danh sách Task | G12: Quản lý/xử lý nghiệp vụ danh sách task nhập kho theo quyền, trạng thái, processProfile và rule tích hợp đã cấu hình. | J12: sprint 1 | K12: V1.0.0 | L12: developing | M12: 46235 | N12: 46249
A13: =row()-1 -> 12 | B13: Nhập kho | C13: Tiếp nhận order từ SAP, điều phối vận hành tại kho thông qua task, kiểm soát tiến độ theo SLA/KPI, cập nhật tồn kho và đồng bộ trạng thái về SAP. | D13: Luồng nhập mua mới | E13: Quy trình xử lý từ khi SAP đồng bộ order về AIWS đến khi kho hoàn thành task và đồng bộ trạng thái ngược về SAP. | F13: [Task] Export Excel | G13: Export danh sách task theo điều kiện tìm kiếm. | J13: sprint 1 | K13: V1.0.0 | L13: developing | M13: 46235 | N13: 46249
... A25: =row()-1 -> 24 | B25: Nhập kho | C25: Tiếp nhận order từ SAP, điều phối vận hành tại kho thông qua task, kiểm soát tiến độ theo SLA/KPI, cập nhật tồn kho và đồng bộ trạng thái về SAP. | D25: Luồng nhập mua mới | E25: Quy trình xử lý từ khi SAP đồng bộ order về AIWS đến khi kho hoàn thành task và đồng bộ trạng thái ngược về SAP. | F25: Đưa vào lưu trữ / Putaway | G25: Quản lý/xử lý nghiệp vụ đưa vào lưu trữ/putaway theo quyền, trạng thái, processProfile và rule tích hợp đã cấu hình. | J25: sprint 1 | K25: V1.0.0 | L25: developing | M25: 46235 | N25: 46249
A26: 25 | B26: Nhập kho | C26: Tiếp nhận order từ SAP, điều phối vận hành tại kho thông qua task, kiểm soát tiến độ theo SLA/KPI, cập nhật tồn kho và đồng bộ trạng thái về SAP. | D26: Luồng nhập mua mới | E26: Quy trình xử lý từ khi SAP đồng bộ order về AIWS đến khi kho hoàn thành task và đồng bộ trạng thái ngược về SAP. | F26: Đồng bộ lệnh nhập kho từ SAP/vERP | G26: SAP đẩy thông tin lệnh nhập sang AIWS để AIWS tạo order nhập và sinh task nghiệp vụ tại kho. | J26: sprint 1 | K26: V1.0.0 | L26: developing | M26: 46235 | N26: 46249
A27: 26 | B27: Nhập kho | C27: Tiếp nhận order từ SAP, điều phối vận hành tại kho thông qua task, kiểm soát tiến độ theo SLA/KPI, cập nhật tồn kho và đồng bộ trạng thái về SAP. | D27: Luồng nhập mua mới | E27: Quy trình xử lý từ khi SAP đồng bộ order về AIWS đến khi kho hoàn thành task và đồng bộ trạng thái ngược về SAP. | F27: Dashboard thống kê lệnh nhập | G27: Hiển thị tổng quan tồn kho, phân bổ tồn, hiệu suất vận hành hệ thống, quản lý lệnh, quản lý tiến độ, quản lý task. | J27: sprint 1 | K27: V1.0.0 | L27: developing | M27: 46235 | N27: 46249
A28: 27 | B28: Nhập kho | C28: Tiếp nhận order từ SAP, điều phối vận hành tại kho thông qua task, kiểm soát tiến độ theo SLA/KPI, cập nhật tồn kho và đồng bộ trạng thái về SAP. | D28: Luồng nhập mua mới | E28: Quy trình xử lý từ khi SAP đồng bộ order về AIWS đến khi kho hoàn thành task và đồng bộ trạng thái ngược về SAP. | F28: Phân công lại người phụ trách công việc | G28: Cho phép người quản lý phân công lại task con hoặc người phụ trách order nếu có quyền. | J28: sprint 1 | K28: V1.0.0 | L28: developing | M28: 46235 | N28: 46249

Sheet Sub-task sprint 1
A1: Type | B1: Summary | C1: Description | D1: Priority | E1: Assignee | F1: Reporter | G1: Story point | H1: Start Date | I1: End Date | J1: Original Estimate | K1: Remaining Estimate | L1: Budget/ULNL ( MM) | M1: Thiết bị VPS | N1: Epic link
A2: Epic | B2: Nhập kho - Luồng nhập mới | C2: Nhập kho - Luồng nhập mới | D2: High | E2: dongnt30 | F2: dongnt30 | G2: 13 | H2: 46235 | I2: 46249 | J2: 80h | K2: 80h | L2: 0
A3: Story | B3: Hoàn thành tài liệu nhập kho. Trong SRS V1.0.0 có mô tả chi tiết API | C3: Hoàn thành tài liệu nhập kho. Trong SRS V1.0.0 có mô tả chi tiết API | D3: High | E3: quantm18 | F3: dongnt30 | G3: 5 | H3: 46235 | I3: 46240 | J3: 32h | K3: 32h | L3: 0
A4: Sub-task | B4: Hoàn thành tài liệu nhập kho. Trong SRS V1.0.0 có mô tả chi tiết API | BA- Update tài liệu và Fix comment lần 1 | C4: Hoàn thành tài liệu nhập kho. Trong SRS V1.0.0 có mô tả chi tiết API | BA- Update tài liệu và Fix comment lần 1 | D4: High | E4: hadd | F4: dongnt30 | G4: 3 | H4: 46235 | I4: 46235 | J4: 8h | K4: 8h | L4: 4417
A5: Sub-task | B5: Hoàn thành tài liệu nhập kho. Trong SRS V1.0.0 có mô tả chi tiết API | BA- Update tài liệu và Fix comment lần 2 | C5: Hoàn thành tài liệu nhập kho. Trong SRS V1.0.0 có mô tả chi tiết API | BA- Update tài liệu và Fix comment lần 2 | D5: High | E5: hadd | F5: dongnt30 | G5: 3 | H5: 46235 | I5: 46235 | J5: 8h | K5: 8h | L5: 4417
A6: Sub-task | B6: Hoàn thành tài liệu nhập kho. Trong SRS V1.0.0 có mô tả chi tiết API | BA - Mô hình hóa yêu cầu nhập kho theo yêu cầu mới | C6: Hoàn thành tài liệu nhập kho. Trong SRS V1.0.0 có mô tả chi tiết API | BA - Mô hình hóa yêu cầu nhập kho theo yêu cầu mới | D6: High | E6: hadd | F6: dongnt30 | G6: 3 | H6: 46235 | I6: 46240 | J6: 32h | K6: 32h | L6: 4417
A7: Sub-task | B7: Hoàn thành tài liệu nhập kho. Trong SRS V1.0.0 có mô tả chi tiết API | BA - Viết đặc tả API (50%) | C7: Hoàn thành tài liệu nhập kho. Trong SRS V1.0.0 có mô tả chi tiết API | BA - Viết đặc tả API (50%) | D7: High | E7: hadd | F7: dongnt30 | G7: 3 | H7: 46237 | I7: 46237 | J7: 8h | K7: 8h | L7: 4417
A8: Story | B8: Nhập kho - Tích hợp hệ thống ngoài | C8: Nhập kho - Tích hợp hệ thống ngoài | D8: High | E8: dongnt30 | F8: dongnt30 | G8: 13 | H8: 46239 | I8: 46241 | J8: 24h | K8: 24h | L8: 0
A9: Sub-task | B9: Nhập kho - Tích hợp hệ thống ngoài | BA- Thống nhất với nghiệp vụ Maping về số lượng Movement type và lệnh nhập kho | C9: Nhập kho - Tích hợp hệ thống ngoài | BA- Thống nhất với nghiệp vụ Maping về số lượng Movement type và lệnh nhập kho | D9: High | E9: hadd | F9: dongnt30 | G9: 2 | H9: 46239 | I9: 46241 | J9: 24h | K9: 24h | L9: 4417
A10: Sub-task | B10: Nhập kho - Tích hợp hệ thống ngoài | BA- Thống nhất về thông tin đồng bộ SAP | C10: Đồng bộ thông tin lệnh nhập (2 chiều) Đồng bộ trạng thái lệnh nhập (2 chiều) Đồng bộ thông tin KCS (2 chiều) | D10: High | E10: hadd | F10: dongnt30 | G10: 5 | H10: 46239 | I10: 46241 | J10: 24h | K10: 24h | L10: 4417
A11: Sub-task | B11: Nhập kho - Tích hợp hệ thống ngoài | BA- Thống nhất về thông tin đồng bộ SAP | C11: Đồng bộ thông tin lệnh nhập (2 chiều) Đồng bộ trạng thái lệnh nhập (2 chiều) Đồng bộ thông tin KCS (2 chiều) | D11: High | E11: quantm18 | F11: dongnt30 | G11: 5 | H11: 46239 | I11: 46241 | J11: 24h | K11: 24h | L11: 5150
A12: Sub-task | B12: Nhập kho - Tích hợp hệ thống ngoài | BA - Ký số - Thông nhất luồng tích hợp VO | C12: Làm rõ thông tin tích hợp ký số VOFFICE Làm rõ thông tin kết quả ký số có cần gửi file đã kỹ SAP | D12: High | E12: hadd | F12: dongnt30 | G12: 2 | H12: 46239 | I12: 46241 | J12: 24h | K12: 24h | L12: 4417
A13: Sub-task | B13: Nhập kho - Tích hợp hệ thống ngoài | BA - Ký số - Thông nhất luồng tích hợp VO | C13: Làm rõ thông tin tích hợp ký số VOFFICE Làm rõ thông tin kết quả ký số có cần gửi file đã kỹ SAP | D13: High | E13: quantm18 | F13: dongnt30 | G13: 2 | H13: 46239 | I13: 46241 | J13: 24h | K13: 24h | L13: 5150
... A326: Sub-task | B326: Xây dựng nghiệp vụ module Dashboard | BA - Bàn giao tài liệu URS Dashboard V1.0 | C326: Thông tin danh sách các dashboard hai bên đã thống nhất. | D326: High | E326: hadd | F326: dongnt30 | G326: 3 | H326: 46247 | I326: 46247 | J326: 8h | K326: 8h | L326: 4411

Sheet HaDD task sprint
A1: Type | B1: Summary | C1: Description | D1: Priority | E1: Assignee | F1: Reporter | G1: Story point | H1: Start Date | I1: End Date | J1: Original Estimate | K1: Remaining Estimate | L1: Budget/ULNL ( MM) | M1: Thiết bị VPS | N1: Epic link
A2: Component | B2: Dashboard | D2: High | E2: dongnt30 | F2: dongnt30 | G2: 13 | H2: 46235 | I2: 46249 | J2: 80h | K2: 80h | L2: 0
A3: Epic | B3: WEB_Xây dựng nghiệp vụ Dashboard tổng quan | F3: dongnt30
A4: Story | B4: BA - Viết tài liệu BRD | F4: dongnt30 | H4: 46244 | I4: 46245
A5: Sub-task | B5: BA - Viết tài liệu BRD 11/22 biểu đồ | H5: 46244 | I5: 46244
A6: Sub-task | B6: BA - Viết tài liệu 22/22 biểu đồ | H6: 46245 | I6: 46245
A7: Sub-task | B7: BA - Confirm nghiệp vụ | F7: dongnt30 | H7: 46246 | I7: 46246
A8: Sub-task | B8: BA - Update tài liệu BRD | H8: 46246 | I8: 46246
A9: Epic | B9: WEB-Xây dựng nghiệp vụ Dashboard NXK | F9: dongnt30
A10: Story | B10: BA - Viết tài liệu BRD | F10: dongnt30 | H10: 46247 | I10: 46188
A11: Sub-task | B11: BA - Viết tài liệu BRD 9/17 biểu đồ | F11: dongnt30 | H11: 46246 | I11: 46185
A12: Sub-task | B12: BA - Viết tài liệu 17/17 biểu đồ
A13: Story | B13: BA - Confirm nghiệp vụ
A14: Sub-task | B14: BA - Cofirm nghiệp vụ lần 1
A15: Sub-task | B15: BA - Update tài liệu BRD
A16: Epic | B16: WEB-Xây dựng nghiệp vụ Dashboard hiệu xuất nhân sự KPI | F16: dongnt30
A17: Story | B17: BA - Viết tài liệu BRD | F17: dongnt30 | H17: 46247 | I17: 46247
A18: Sub-task | B18: BA - Viết tài liệu BRD 9/19 biểu đồ
A19: Sub-task | B19: BA - Viết tài liệu 19/19 biểu đồ
A20: Story | B20: BA - Confirm nghiệp vụ
A21: Sub-task | B21: BA - Cofirm nghiệp vụ lần 1
A22: Sub-task | B22: BA - Update tài liệu BRD | F22: dongnt30 | H22: 46247 | I22: 46247
A23: Epic | B23: WEB - Xây dựng nghiệp vụ Dashboard Quy hoạch kho | F23: dongnt30
A24: Story | B24: BA - Viết tài liệu BRD
A25: Sub-task | B25: BA - Viết tài liệu BRD biểu đồ
A26: Story | B26: BA - Confirm nghiệp vụ
A27: Sub-task | B27: BA - Cofirm nghiệp vụ lần 1 | F27: dongnt30 | H27: 46248 | I27: 46248
A28: Sub-task | B28: BA - Update tài liệu BRD | F28: dongnt30 | H28: 46248 | I28: 46248
A29: Epic | B29: WEB- Xây dựng nghiệp vụ Dashboard nhân viên | F29: dongnt30 | K29: 40h | L29: 0
A30: Story | B30: BA - Viết tài liệu BRD
A31: Sub-task | B31: BA - Viết tài liệu BRD biểu đồ 12/12
A32: Story | B32: BA - Confirm nghiệp vụ
A33: Sub-task | B33: BA - Cofirm nghiệp vụ lần 1
A34: Sub-task | B34: BA - Update tài liệu BRD | F34: dongnt30 | H34: 46251 | I34: 46251
A35: Epic | B35: Mobile - Xây dụng nghiệp vụ Dashboard hiệu xuất công việc | F35: dongnt30
A36: Story | B36: BA - Viết tài liệu BRD
A37: Sub-task | B37: BA - Viết tài liệu BRD biểu đồ 13/26
A38: Sub-task | B38: BA - Viết tài liệu BRD biểu đồ 26/26
A39: Story | B39: BA - Confirm nghiệp vụ
A40: Sub-task | B40: BA - Cofirm nghiệp vụ lần 1
A41: Sub-task | B41: BA - Update tài liệu BRD | F41: dongnt30 | H41: 46252 | I41: 46252
A42: Epic | B42: Mobile - Xây dựng kết quả nhân sự | F42: dongnt30
A43: Story | B43: BA - Viết tài liệu BRD
A44: Sub-task | B44: BA - Viết tài liệu BRD biểu đồ 05/10
A45: Sub-task | B45: BA - Viết tài liệu BRD biểu đồ 05/10
A46: Story | B46: BA - Confirm nghiệp vụ
A47: Sub-task | B47: BA - Cofirm nghiệp vụ lần 1
A48: Sub-task | B48: BA - Update tài liệu BRD | F48: dongnt30 | H48: 46252 | I48: 46252

Sheet Trang tính18
A1: Type | B1: Summary | C1: Description | D1: Priority | E1: Assignee | F1: Reporter | G1: Story point | H1: Start Date | I1: End Date | J1: Original Estimate | K1: Remaining Estimate | L1: Budget/ULNL ( MM) | M1: Thiết bị VPS | N1: Epic link
A2: Epic | B2: Nhập kho - Luồng nhập mới | C2: Nhập kho - Luồng nhập mới | D2: High | E2: dongnt30 | F2: dongnt30 | G2: 13 | H2: 46235 | I2: 46249 | J2: 80h | K2: 80h | L2: 0
A3: Story | B3: Hoàn thành tài liệu nhập kho. Trong SRS V1.0.0 có mô tả chi tiết API | C3: Hoàn thành tài liệu nhập kho. Trong SRS V1.0.0 có mô tả chi tiết API | D3: High | E3: quantm18 | F3: dongnt30 | G3: 5 | H3: 46235 | I3: 46240 | J3: 32h | K3: 32h | L3: 0
A4: Sub-task | B4: Hoàn thành tài liệu nhập kho. Trong SRS V1.0.0 có mô tả chi tiết API | BA- Update tài liệu và Fix comment lần 1 | C4: Hoàn thành tài liệu nhập kho. Trong SRS V1.0.0 có mô tả chi tiết API | BA- Update tài liệu và Fix comment lần 1 | D4: High | E4: hadd | F4: dongnt30 | G4: 3 | H4: 46235 | I4: 46235 | J4: 8h | K4: 8h | L4: 4417
A5: Sub-task | B5: Hoàn thành tài liệu nhập kho. Trong SRS V1.0.0 có mô tả chi tiết API | BA- Update tài liệu và Fix comment lần 2 | C5: Hoàn thành tài liệu nhập kho. Trong SRS V1.0.0 có mô tả chi tiết API | BA- Update tài liệu và Fix comment lần 2 | D5: High | E5: hadd | F5: dongnt30 | G5: 3 | H5: 46235 | I5: 46235 | J5: 8h | K5: 8h | L5: 4417
A6: Sub-task | B6: Hoàn thành tài liệu nhập kho. Trong SRS V1.0.0 có mô tả chi tiết API | BA - Mô hình hóa yêu cầu nhập kho theo yêu cầu mới | C6: Hoàn thành tài liệu nhập kho. Trong SRS V1.0.0 có mô tả chi tiết API | BA - Mô hình hóa yêu cầu nhập kho theo yêu cầu mới | D6: High | E6: hadd | F6: dongnt30 | G6: 3 | H6: 46235 | I6: 46240 | J6: 32h | K6: 32h | L6: 4417
A7: Sub-task | B7: Hoàn thành tài liệu nhập kho. Trong SRS V1.0.0 có mô tả chi tiết API | BA - Viết đặc tả API (50%) | C7: Hoàn thành tài liệu nhập kho. Trong SRS V1.0.0 có mô tả chi tiết API | BA - Viết đặc tả API (50%) | D7: High | E7: hadd | F7: dongnt30 | G7: 3 | H7: 46237 | I7: 46237 | J7: 8h | K7: 8h | L7: 4417
A8: Story | B8: Nhập kho - Tích hợp hệ thống ngoài | C8: Nhập kho - Tích hợp hệ thống ngoài | D8: High | E8: dongnt30 | F8: dongnt30 | G8: 13 | H8: 46239 | I8: 46241 | J8: 24h | K8: 24h | L8: 0
A9: Sub-task | B9: Nhập kho - Tích hợp hệ thống ngoài | BA- Thống nhất với nghiệp vụ Maping về số lượng Movement type và lệnh nhập kho | C9: Nhập kho - Tích hợp hệ thống ngoài | BA- Thống nhất với nghiệp vụ Maping về số lượng Movement type và lệnh nhập kho | D9: High | E9: hadd | F9: dongnt30 | G9: 2 | H9: 46239 | I9: 46241 | J9: 24h | K9: 24h | L9: 4417
A10: Sub-task | B10: Nhập kho - Tích hợp hệ thống ngoài | BA- Thống nhất về thông tin đồng bộ SAP | C10: Đồng bộ thông tin lệnh nhập (2 chiều) Đồng bộ trạng thái lệnh nhập (2 chiều) Đồng bộ thông tin KCS (2 chiều) | D10: High | E10: hadd | F10: dongnt30 | G10: 5 | H10: 46239 | I10: 46241 | J10: 24h | K10: 24h | L10: 4417
A11: Sub-task | B11: Nhập kho - Tích hợp hệ thống ngoài | BA- Thống nhất về thông tin đồng bộ SAP | C11: Đồng bộ thông tin lệnh nhập (2 chiều) Đồng bộ trạng thái lệnh nhập (2 chiều) Đồng bộ thông tin KCS (2 chiều) | D11: High | E11: quantm18 | F11: dongnt30 | G11: 5 | H11: 46239 | I11: 46241 | J11: 24h | K11: 24h | L11: 5150
A12: Sub-task | B12: Nhập kho - Tích hợp hệ thống ngoài | BA - Ký số - Thông nhất luồng tích hợp VO | C12: Làm rõ thông tin tích hợp ký số VOFFICE Làm rõ thông tin kết quả ký số có cần gửi file đã kỹ SAP | D12: High | E12: hadd | F12: dongnt30 | G12: 2 | H12: 46239 | I12: 46241 | J12: 24h | K12: 24h | L12: 4417
A13: Sub-task | B13: Nhập kho - Tích hợp hệ thống ngoài | BA - Ký số - Thông nhất luồng tích hợp VO | C13: Làm rõ thông tin tích hợp ký số VOFFICE Làm rõ thông tin kết quả ký số có cần gửi file đã kỹ SAP | D13: High | E13: quantm18 | F13: dongnt30 | G13: 2 | H13: 46239 | I13: 46241 | J13: 24h | K13: 24h | L13: 5150
... A326: Sub-task | B326: Xây dựng nghiệp vụ module Dashboard | BA - Bàn giao tài liệu URS Dashboard V1.0 | C326: Thông tin danh sách các dashboard hai bên đã thống nhất. | D326: High | E326: hadd | F326: dongnt30 | G326: 3 | H326: 46247 | I326: 46247 | J326: 8h | K326: 8h | L326: 4411

Sheet Warehouse resource
A1: STT | B1: Mã NV | C1: Tên nhân viên trên Jira | D1: Account | E1: Email | F1: Nỗ lực thực hiện tháng BU gửi
A2: 1 | B2: 431709 | C2: Nguyễn Văn Trường | D2: =LEFT(E2, FIND("@", E2) - 1) -> truongnv51 | E2: truongnv51@viettel.com.vn | F2: 2030
A3: 2 | B3: 461363 | C3: Lê Hoàng Đức | D3: =IFERROR(LEFT(E3, FIND("@", E3) - 1), "") -> duclh14 | E3: duclh14@viettel.com.vn | F3: 1054
A4: 3 | B4: 465483 | C4: Ngô Doãn Hồng Hiệp | D4: =IFERROR(LEFT(E4, FIND("@", E4) - 1), "") -> hiepndh | E4: hiepndh@viettel.com.vn | F4: 1240
A5: 4 | B5: 475827 | C5: Nguyễn Thành Chiến | D5: =IFERROR(LEFT(E5, FIND("@", E5) - 1), "") -> chiennt11 | E5: chiennt11@viettel.com.vn | F5: 1000
A6: 5 | B6: 476361 | C6: Nguyễn Tấn Đông | D6: =IFERROR(LEFT(E6, FIND("@", E6) - 1), "") -> dongnt30 | E6: dongnt30@viettel.com.vn | F6: 0
A7: 6 | B7: 481564 | C7: Nguyễn Trung Quang | D7: =IFERROR(LEFT(E7, FIND("@", E7) - 1), "") -> quangnt23 | E7: quangnt23@viettel.com.vn | F7: 1590
A8: 7 | B8: 481750 | C8: Nguyễn Duy | D8: =IFERROR(LEFT(E8, FIND("@", E8) - 1), "") -> duyn127 | E8: duyn127@viettel.com.vn | F8: 1240
A9: 8 | B9: 483818 | C9: Trần Minh Quân | D9: =IFERROR(LEFT(E9, FIND("@", E9) - 1), "") -> quantm18 | E9: quantm18@viettel.com.vn | F9: 1030
A10: 9 | B10: 484874 | C10: Bùi Văn Đoàn | D10: =IFERROR(LEFT(E10, FIND("@", E10) - 1), "") -> doanbv2 | E10: doanbv2@viettel.com.vn | F10: 1240
A11: 10 | B11: 485462 | C11: Hoàng Tuấn Anh | D11: =IFERROR(LEFT(E11, FIND("@", E11) - 1), "") -> anhht124 | E11: anhht124@viettel.com.vn | F11: 1240
A12: 11 | B12: 485672 | C12: Nguyễn Huy Tùng | D12: =IFERROR(LEFT(E12, FIND("@", E12) - 1), "") -> tungnh26 | E12: tungnh26@viettel.com.vn | F12: 1590
A13: 12 | B13: 485668 | C13: Ninh Văn Hòa | D13: =IFERROR(LEFT(E13, FIND("@", E13) - 1), "") -> hoanv68 | E13: hoanv68@viettel.com.vn | F13: 1590
A14: 13 | B14: 486016 | C14: Lê Minh Quang | D14: =IFERROR(LEFT(E14, FIND("@", E14) - 1), "") -> quanglm10 | E14: quanglm10@viettel.com.vn | F14: 620
... A16: 15 | B16: 486588 | C16: Đào Đình Hà | D16: =IFERROR(LEFT(E16, FIND("@", E16) - 1), "") -> hadd | E16: hadd@viettel.com.vn | F16: 1590
B17: 487808 | C17: Nguyễn Phan Dương | D17: =IFERROR(LEFT(E17, FIND("@", E17) - 1), "") -> duongnp | E17: duongnp@viettel.com.vn | F17: 1178

Sheet Assign
A1: Summary | B1: Assignee
A2: Hoàn thành tài liệu nhập kho. Trong SRS V1.0.0 có mô tả chi tiết API | B2: quantm18 | C2: hadd
A3: Hoàn thành prototype nhâp kho V1.0.0 | B3: quantm18 | C3: hadd
A4: Mapping API với prototype và nghiệp vụ | B4: chiennt11
A5: Danh sách lệnh nhập | B5: truongnv51 | C5: chiennt11 | D5: duclh14
A6: Xem chi tiết lệnh nhập - Tab Thông tin hàng hóa | B6: anhht124 | C6: hoanv68 | D6: duclh14
A7: Xem chi tiết lệnh nhập - Tab Chứng từ | B7: anhht124 | C7: hoanv68 | D7: duclh14
A8: Xem chi tiết lệnh nhập - Tab Task | B8: anhht124 | C8: hoanv68 | D8: duclh14
A9: Xem chi tiết lệnh nhập - Tab Kết quả KCS | B9: anhht124 | C9: hoanv68 | D9: duclh14
A10: Xem chi tiết lệnh nhập - Tab Vận chuyển | B10: anhht124 | C10: hoanv68 | D10: duclh14
A11: Xem chi tiết lệnh nhập - Tab Lịch sử | B11: anhht124 | C11: hoanv68 | D11: duclh14
A12: [Order] Export Excel | B12: truongnv51 | C12: chiennt11 | D12: duclh14
A13: [Order] Tìm kiếm nhanh | B13: truongnv51 | C13: chiennt11 | D13: duclh14
A14: [Order] Tìm kiếm nâng cao | B14: truongnv51 | C14: chiennt11 | D14: duclh14
A15: Danh sách Task | B15: hiepndh | C15: doanbv2 | D15: duongnp
A16: [Task] Export Excel | B16: hiepndh | C16: doanbv2 | D16: duongnp
... A19: Xác nhận lệnh nhập | B19: hiepndh | C19: hoanv68 | D19: duongnp
A21: Kiểm hàng & Ký BBBG | B21: truongnv51 | C21: nhuandt | D21: hoanv68 | E21: duongnp
A22: Dỡ hàng | B22: doanbv2 | C22: nhuandt | D22: tungnh26
A23: Đưa vào khu chờ nhập | B23: hoanv68 | C23: nhuandt | D23: tungnh26
A24: Thực nhập kho | B24: anhht124 | C24: hoanv68 | D24: tungnh26
A25: Trình ký VOffice | B25: hiepndh | C25: truongnv51 | D25: duongnp
A26: Đưa hàng ra khu đóng gói | B26: hoanv68 | C26: nhuandt | D26: tungnh26
A27: Đóng gói hàng & In tem | B27: doanbv2 | C27: anhht124 | D27: quangnt23
A28: Đưa vào lưu trữ / Putaway | B28: doanbv2 | C28: anhht124 | D28: quangnt23

Sheet Tổng hợp NLTH 1.2024
O1: 21 công chuẩn
A2: STT | B2: Mã NV | C2: Tên nhân viên trên Jira | D2: Email | E2: Phòng/ban | F2: Role | G2: Level | H2: Mã chức danh | I2: Tiêu chuẩn (MM) | J2: Tháng | K2: Năm | L2: Ngày bắt đầu | M2: Ngày kết thúc | N2: Ngày công dự án | O2: Tỉ lệ công theo quá rình | P2: Nỗ lực tiêu chuẩn tháng | Q2: Nỗ lực thực hiện tháng BU gửi | R2: Nỗ lực ngoài sản xuất | S2: Dự án ODC | T2: Mã dự án | U2: Nỗ lực thực hiện chốt tính lương từng quá trình | V2: Nỗ lực tiêu chuẩn tổng các quá trình | W2: Nỗ lực thực hiện chốt tính lương tổng các quá trình | X2: Hệ số K | Y2: Ghi chú | Z2: lặp lại
A3: 1 | B3: 441534 | C3: Bùi Bá Trường | D3: truongbb@viettel,com,vn | E3: BU01 - Quản trị doanh nghiệp | F3: DEV | G3: S | H3: DEV06 | I3: #REF! | J3: 12 | K3: 2023 | L3: 45261 | M3: 45291 | N3: =NETWORKDAYS(L3,M3) -> 21 | O3: =N3/21 -> 1 | P3: =ROUND(IF(S3="ODC",1*O3,I3*O3),3) -> 1 | Q3: 1 | S3: ODC | T3: BU01,MBAL | U3: =IF(AND(Q3>=1,S3="ODC"),P3,Q3) -> 1 | V3: =ROUND(SUMIF($B:$B,B3,P:P),3) -> 1 | W3: =ROUND(SUMIF($B:$B,B3,U:U),3) -> 1 | X3: =ROUND(W3/V3,2) -> 1 | Z3: =COUNTIF($B:$B,B3) -> 1
A4: 2 | B4: 458877 | C4: Bùi Đức Duy | D4: duybd1@viettel,com,vn | E4: BU01 - Quản trị doanh nghiệp | F4: Dev | G4: S | H4: Dev06 | I4: #REF! | J4: 12 | K4: 2023 | L4: 45261 | M4: 45291 | N4: =NETWORKDAYS(L4,M4) -> 21 | O4: =N4/21 -> 1 | P4: =ROUND(IF(S4="ODC",1*O4,I4*O4),3) -> #VALUE! | Q4: 2.27 | S4: NOT ODC | T4: BU01,BCN,NONSAP,Phase2 | U4: =IF(AND(Q4>=1,S4="ODC"),P4,Q4) -> 2.27 | V4: =ROUND(SUMIF($B:$B,B4,P:P),3) -> #VALUE! | W4: =ROUND(SUMIF($B:$B,B4,U:U),3) -> 2.27 | X4: =ROUND(W4/V4,2) -> #VALUE! | Z4: =COUNTIF($B:$B,B4) -> 1
A5: 3 | B5: 434138 | C5: Bùi Minh Tuấn | D5: tuanbm10@viettel,com,vn | E5: BU01 - Quản trị doanh nghiệp | F5: DEV | G5: J+ | H5: DEV03 | I5: #REF! | J5: 12 | K5: 2023 | L5: 45261 | M5: 45291 | N5: =NETWORKDAYS(L5,M5) -> 21 | O5: =N5/21 -> 1 | P5: 1.24 | Q5: 1.24 | S5: NOT ODC | T5: BU01,BCN,NONSAP,Phase2 | U5: =IF(AND(Q5>=1,S5="ODC"),P5,Q5) -> 1.24 | V5: =ROUND(SUMIF($B:$B,B5,P:P),3) -> 1.24 | W5: =ROUND(SUMIF($B:$B,B5,U:U),3) -> 1.24 | X5: =ROUND(W5/V5,2) -> 1 | Z5: =COUNTIF($B:$B,B5) -> 1
A6: 4 | B6: 439038 | C6: Đặng Hữu Hoàn | D6: hoandh@viettel,com,vn | E6: BU01 - Quản trị doanh nghiệp | F6: DEV | G6: J+ | H6: DEV03 | I6: #REF! | J6: 12 | K6: 2023 | L6: 45261 | M6: 45291 | N6: =NETWORKDAYS(L6,M6) -> 21 | O6: =N6/21 -> 1 | P6: =ROUND(IF(S6="ODC",1*O6,I6*O6),3) -> 1 | Q6: 1 | S6: ODC | T6: BU01,BCN,TDTC2,0 | U6: =IF(AND(Q6>=1,S6="ODC"),P6,Q6) -> 1 | V6: =ROUND(SUMIF($B:$B,B6,P:P),3) -> 1 | W6: =ROUND(SUMIF($B:$B,B6,U:U),3) -> 1 | X6: =ROUND(W6/V6,2) -> 1 | Z6: =COUNTIF($B:$B,B6) -> 1
A7: 5 | B7: 436731 | C7: Đặng Như Thanh | D7: thanhdn14@viettel,com,vn | E7: BU01 - Quản trị doanh nghiệp | F7: DEV | G7: M | H7: DEV04 | I7: #REF! | J7: 12 | K7: 2023 | L7: 45261 | M7: 45291 | N7: =NETWORKDAYS(L7,M7) -> 21 | O7: =N7/21 -> 1 | P7: =ROUND(IF(S7="ODC",1*O7,I7*O7),3) -> 1 | Q7: 1 | S7: ODC | T7: BU01,MBAL | U7: =IF(AND(Q7>=1,S7="ODC"),P7,Q7) -> 1 | V7: =ROUND(SUMIF($B:$B,B7,P:P),3) -> 1 | W7: =ROUND(SUMIF($B:$B,B7,U:U),3) -> 1 | X7: =ROUND(W7/V7,2) -> 1 | Z7: =COUNTIF($B:$B,B7) -> 1
A8: 6 | B8: 291197 | C8: Đinh Thị Hường | D8: huongdt157@viettel,com,vn | E8: BU01 - Quản trị doanh nghiệp | F8: TESTER | G8: M | H8: TESTER04 | I8: #REF! | J8: 12 | K8: 2023 | L8: 45261 | M8: 45291 | N8: =NETWORKDAYS(L8,M8) -> 21 | O8: =N8/21 -> 1 | P8: =ROUND(IF(S8="ODC",1*O8,I8*O8),3) -> 1 | Q8: 1 | S8: ODC | T8: BU01,MBAL | U8: =IF(AND(Q8>=1,S8="ODC"),P8,Q8) -> 1 | V8: =ROUND(SUMIF($B:$B,B8,P:P),3) -> 1 | W8: =ROUND(SUMIF($B:$B,B8,U:U),3) -> 1 | X8: =ROUND(W8/V8,2) -> 1 | Z8: =COUNTIF($B:$B,B8) -> 1
A9: 7 | B9: 428532 | C9: Đinh Thị Thảo | D9: thaodt48@viettel,com,vn | E9: BU01 - Quản trị doanh nghiệp | F9: TESTER | G9: J | H9: TESTER02 | I9: #REF! | J9: 12 | K9: 2023 | L9: 45261 | M9: 45291 | N9: =NETWORKDAYS(L9,M9) -> 21 | O9: =N9/21 -> 1 | P9: =ROUND(IF(S9="ODC",1*O9,I9*O9),3) -> 1 | Q9: 0.88 | S9: ODC | T9: BU01,MBAL | U9: =IF(AND(Q9>=1,S9="ODC"),P9,Q9) -> 0.88 | V9: =ROUND(SUMIF($B:$B,B9,P:P),3) -> 1 | W9: =ROUND(SUMIF($B:$B,B9,U:U),3) -> 0.88 | X9: =ROUND(W9/V9,2) -> 0.88 | Z9: =COUNTIF($B:$B,B9) -> 1
A10: 8 | B10: 427333 | C10: Đỗ Đức Bình | D10: binhdd3@viettel,com,vn | E10: BU01 - Quản trị doanh nghiệp | F10: DEV | G10: M | H10: DEV04 | I10: #REF! | J10: 12 | K10: 2023 | L10: 45261 | M10: 45291 | N10: =NETWORKDAYS(L10,M10) -> 21 | O10: =N10/21 -> 1 | P10: =ROUND(IF(S10="ODC",1*O10,I10*O10),3) -> 1 | Q10: 1 | S10: ODC | T10: BU01,MBAL | U10: =IF(AND(Q10>=1,S10="ODC"),P10,Q10) -> 1 | V10: =ROUND(SUMIF($B:$B,B10,P:P),3) -> 1 | W10: =ROUND(SUMIF($B:$B,B10,U:U),3) -> 1 | X10: =ROUND(W10/V10,2) -> 1 | Z10: =COUNTIF($B:$B,B10) -> 1
A11: 9 | B11: 292508 | C11: Hoàng Thị Huyền | D11: huyenht25@viettel,com,vn | E11: BU01 - Quản trị doanh nghiệp | F11: BA | G11: J+ | H11: BA03 | I11: #REF! | J11: 12 | K11: 2023 | L11: 45261 | M11: 45291 | N11: =NETWORKDAYS(L11,M11) -> 21 | O11: =N11/21 -> 1 | P11: =ROUND(IF(S11="ODC",1*O11,I11*O11),3) -> 1 | Q11: 1 | S11: ODC | T11: BU01,MBAL | U11: =IF(AND(Q11>=1,S11="ODC"),P11,Q11) -> 1 | V11: =ROUND(SUMIF($B:$B,B11,P:P),3) -> 1 | W11: =ROUND(SUMIF($B:$B,B11,U:U),3) -> 1 | X11: =ROUND(W11/V11,2) -> 1 | Z11: =COUNTIF($B:$B,B11) -> 1
A12: 10 | B12: 455599 | C12: Lê Hồng Thanh | D12: THANHLH16@VIETTEL,COM,VN | E12: BU01 - Quản trị doanh nghiệp | F12: DEV | G12: M+ | H12: DEV05 | I12: #REF! | J12: 12 | K12: 2023 | L12: 45261 | M12: 45291 | N12: =NETWORKDAYS(L12,M12) -> 21 | O12: =N12/21 -> 1 | P12: =ROUND(IF(S12="ODC",1*O12,I12*O12),3) -> 1 | Q12: 1 | S12: ODC | T12: BU01,MBAL | U12: =IF(AND(Q12>=1,S12="ODC"),P12,Q12) -> 1 | V12: =ROUND(SUMIF($B:$B,B12,P:P),3) -> 1 | W12: =ROUND(SUMIF($B:$B,B12,U:U),3) -> 1 | X12: =ROUND(W12/V12,2) -> 1 | Z12: =COUNTIF($B:$B,B12) -> 1
A13: 11 | B13: 456641 | C13: Nguyễn Anh Tuấn | D13: TUANNA794@VIETTEL,COM,VN | E13: BU01 - Quản trị doanh nghiệp | F13: DEV | G13: M | H13: DEV04 | I13: #REF! | J13: 12 | K13: 2023 | L13: 45261 | M13: 45291 | N13: =NETWORKDAYS(L13,M13) -> 21 | O13: =N13/21 -> 1 | P13: =ROUND(IF(S13="ODC",1*O13,I13*O13),3) -> 1 | Q13: 1 | S13: ODC | T13: BU01,MBAL | U13: =IF(AND(Q13>=1,S13="ODC"),P13,Q13) -> 1 | V13: =ROUND(SUMIF($B:$B,B13,P:P),3) -> 1 | W13: =ROUND(SUMIF($B:$B,B13,U:U),3) -> 1 | X13: =ROUND(W13/V13,2) -> 1 | Z13: =COUNTIF($B:$B,B13) -> 1
A14: 12 | B14: 272968 | C14: Nguyễn Đức Mạnh | D14: manhnd33@viettel,com,vn | E14: BU01 - Quản trị doanh nghiệp | F14: DEV | G14: S | H14: DEV06 | I14: #REF! | J14: 12 | K14: 2023 | L14: 45261 | M14: 45291 | N14: =NETWORKDAYS(L14,M14) -> 21 | O14: =N14/21 -> 1 | P14: =ROUND(IF(S14="ODC",1*O14,I14*O14),3) -> 1 | Q14: 1 | S14: ODC | T14: BU01,MBAL | U14: =IF(AND(Q14>=1,S14="ODC"),P14,Q14) -> 1 | V14: =ROUND(SUMIF($B:$B,B14,P:P),3) -> 1 | W14: =ROUND(SUMIF($B:$B,B14,U:U),3) -> 1 | X14: =ROUND(W14/V14,2) -> 1 | Z14: =COUNTIF($B:$B,B14) -> 1
A15: 13 | B15: 281845 | C15: Nguyễn Hoàng Giang | D15: giangnh34@viettel,com,vn | E15: BU01 - Quản trị doanh nghiệp | F15: DEV | G15: M | H15: DEV04 | I15: #REF! | J15: 12 | K15: 2023 | L15: 45261 | M15: 45291 | N15: =NETWORKDAYS(L15,M15) -> 21 | O15: =N15/21 -> 1 | P15: =ROUND(IF(S15="ODC",1*O15,I15*O15),3) -> 1 | Q15: 1 | S15: ODC | T15: BU01,MBAL | U15: =IF(AND(Q15>=1,S15="ODC"),P15,Q15) -> 1 | V15: =ROUND(SUMIF($B:$B,B15,P:P),3) -> 1 | W15: =ROUND(SUMIF($B:$B,B15,U:U),3) -> 1 | X15: =ROUND(W15/V15,2) -> 1 | Z15: =COUNTIF($B:$B,B15) -> 1
A16: 14 | B16: 434038 | C16: Nguyễn Thị Hòa | D16: hoant224@viettel,com,vn | E16: BU01 - Quản trị doanh nghiệp | F16: TESTER | G16: M+ | H16: TESTER05 | I16: #REF! | J16: 12 | K16: 2023 | L16: 45261 | M16: 45291 | N16: =NETWORKDAYS(L16,M16) -> 21 | O16: =N16/21 -> 1 | P16: =ROUND(IF(S16="ODC",1*O16,I16*O16),3) -> 1 | Q16: 1 | S16: ODC | T16: BU01,MBAL | U16: =IF(AND(Q16>=1,S16="ODC"),P16,Q16) -> 1 | V16: =ROUND(SUMIF($B:$B,B16,P:P),3) -> 1 | W16: =ROUND(SUMIF($B:$B,B16,U:U),3) -> 1 | X16: =ROUND(W16/V16,2) -> 1 | Z16: =COUNTIF($B:$B,B16) -> 1
A17: 15 | B17: 447599 | C17: Nguyễn Thị Quỳnh Mai | D17: MAINTQ2@VIETTEL,COM,VN | E17: BU01 - Quản trị doanh nghiệp | F17: BA | G17: J+ | H17: BA03 | I17: #REF! | J17: 12 | K17: 2023 | L17: 45261 | M17: 45291 | N17: =NETWORKDAYS(L17,M17) -> 21 | O17: =N17/21 -> 1 | P17: =ROUND(IF(S17="ODC",1*O17,I17*O17),3) -> 1 | Q17: 1 | S17: ODC | T17: BU01,BCN,TDTC2,0 | U17: =IF(AND(Q17>=1,S17="ODC"),P17,Q17) -> 1 | V17: =ROUND(SUMIF($B:$B,B17,P:P),3) -> 1 | W17: =ROUND(SUMIF($B:$B,B17,U:U),3) -> 1 | X17: =ROUND(W17/V17,2) -> 1 | Z17: =COUNTIF($B:$B,B17) -> 1
A18: 16 | B18: 435013 | C18: Nguyễn Xuân Quy | D18: quynx6@viettel,com,vn | E18: BU01 - Quản trị doanh nghiệp | F18: DEV | G18: S | H18: DEV06 | I18: #REF! | J18: 12 | K18: 2023 | L18: 45261 | M18: 45291 | N18: 11 | O18: =N18/21 -> 0.52380952 | P18: =ROUND(IF(S18="ODC",1*O18,I18*O18),3) -> 0.524 | Q18: 0.52 | S18: ODC | T18: BU01,MBAL | U18: =IF(AND(Q18>=1,S18="ODC"),P18,Q18) -> 0.52 | V18: =ROUND(SUMIF($B:$B,B18,P:P),3) -> 0.524 | W18: =ROUND(SUMIF($B:$B,B18,U:U),3) -> 0.52 | X18: =ROUND(W18/V18,2) -> 0.99 | Z18: =COUNTIF($B:$B,B18) -> 1
A19: 17 | B19: 293052 | C19: Phạm Thị Sâm | D19: sampt1@viettel,com,vn | E19: BU01 - Quản trị doanh nghiệp | F19: TESTER | G19: J+ | H19: TESTER03 | I19: #REF! | J19: 12 | K19: 2023 | L19: 45261 | M19: 45291 | N19: 20 | O19: =N19/21 -> 0.95238095 | P19: =ROUND(IF(S19="ODC",1*O19,I19*O19),3) -> 0.952 | Q19: 0.95 | S19: ODC | T19: BU01,MBAL | U19: =IF(AND(Q19>=1,S19="ODC"),P19,Q19) -> 0.95 | V19: =ROUND(SUMIF($B:$B,B19,P:P),3) -> 0.952 | W19: =ROUND(SUMIF($B:$B,B19,U:U),3) -> 0.95 | X19: =ROUND(W19/V19,2) -> 1 | Z19: =COUNTIF($B:$B,B19) -> 1
A20: 18 | B20: 429575 | C20: Phạm Thị Thu | D20: thupt26@viettel,com,vn | E20: BU01 - Quản trị doanh nghiệp | F20: TESTER | G20: J+ | H20: TESTER03 | I20: #REF! | J20: 12 | K20: 2023 | L20: 45261 | M20: 45291 | N20: =NETWORKDAYS(L20,M20) -> 21 | O20: =N20/21 -> 1 | P20: =ROUND(IF(S20="ODC",1*O20,I20*O20),3) -> #VALUE! | Q20: 1.19 | S20: NOT ODC | T20: BU01,BCN,NONSAP,Phase2 | U20: =IF(AND(Q20>=1,S20="ODC"),P20,Q20) -> 1.19 | V20: =ROUND(SUMIF($B:$B,B20,P:P),3) -> #VALUE! | W20: =ROUND(SUMIF($B:$B,B20,U:U),3) -> 1.19 | X20: =ROUND(W20/V20,2) -> #VALUE! | Z20: =COUNTIF($B:$B,B20) -> 1
A21: 19 | B21: 212015 | C21: Phí Anh Tuân | D21: tuanpa50@viettel,com,vn | E21: BU01 - Quản trị doanh nghiệp | F21: BA | G21: S | H21: BA06 | I21: #REF! | J21: 12 | K21: 2023 | L21: 45261 | M21: 45291 | N21: =NETWORKDAYS(L21,M21) -> 21 | O21: =N21/21 -> 1 | P21: =ROUND(IF(S21="ODC",1*O21,I21*O21),3) -> #VALUE! | Q21: 2.33 | S21: NOT ODC | T21: BU01,NCB,OFFICE | U21: 2.33 | V21: =ROUND(SUMIF($B:$B,B21,P:P),3) -> #VALUE! | W21: =ROUND(SUMIF($B:$B,B21,U:U),3) -> 2.33 | X21: =ROUND(W21/V21,2) -> #VALUE! | Z21: =COUNTIF($B:$B,B21) -> 1
A22: 20 | B22: 277202 | C22: Trương Văn Luân | D22: luantv13@viettel,com,vn | E22: BU01 - Quản trị doanh nghiệp | F22: DEV | G22: M | H22: DEV04 | I22: #REF! | J22: 12 | K22: 2023 | L22: 45261 | M22: 45291 | N22: 20 | O22: =N22/21 -> 0.95238095 | P22: =ROUND(IF(S22="ODC",1*O22,I22*O22),3) -> 0.952 | Q22: 0.95 | S22: ODC | T22: BU01,MBAL | U22: =IF(AND(Q22>=1,S22="ODC"),P22,Q22) -> 0.95 | V22: =ROUND(SUMIF($B:$B,B22,P:P),3) -> 0.952 | W22: =ROUND(SUMIF($B:$B,B22,U:U),3) -> 0.95 | X22: =ROUND(W22/V22,2) -> 1 | Z22: =COUNTIF($B:$B,B22) -> 1
A23: 21 | B23: 430895 | C23: Vũ Văn Phúc | D23: phucvv4@viettel,com,vn | E23: BU01 - Quản trị doanh nghiệp | F23: DEV | G23: M+ | H23: DEV05 | I23: #REF! | J23: 12 | K23: 2023 | L23: 45261 | M23: 45291 | N23: =NETWORKDAYS(L23,M23) -> 21 | O23: =N23/21 -> 1 | P23: =ROUND(IF(S23="ODC",1*O23,I23*O23),3) -> 1 | Q23: 1 | S23: ODC | T23: BU01,MBAL | U23: =IF(AND(Q23>=1,S23="ODC"),P23,Q23) -> 1 | V23: =ROUND(SUMIF($B:$B,B23,P:P),3) -> 1 | W23: =ROUND(SUMIF($B:$B,B23,U:U),3) -> 1 | X23: =ROUND(W23/V23,2) -> 1 | Z23: =COUNTIF($B:$B,B23) -> 1
A24: 22 | B24: 439024 | C24: Đào Diễm Hương | D24: huongdd8@viettel,com,vn | E24: BU01 - Quản trị doanh nghiệp | F24: TESTER | G24: M | H24: TESTER04 | I24: #REF! | J24: 12 | K24: 2023 | L24: 45261 | M24: 45291 | N24: =NETWORKDAYS(L24,M24) -> 21 | O24: =N24/21 -> 1 | P24: =ROUND(IF(S24="ODC",1*O24,I24*O24),3) -> 1 | Q24: 1 | S24: ODC | T24: BU01,BCN,TDTC2,0 | U24: =IF(AND(Q24>=1,S24="ODC"),P24,Q24) -> 1 | V24: =ROUND(SUMIF($B:$B,B24,P:P),3) -> 1 | W24: =ROUND(SUMIF($B:$B,B24,U:U),3) -> 1 | X24: =ROUND(W24/V24,2) -> 1 | Z24: =COUNTIF($B:$B,B24) -> 1
A25: 23 | B25: 283181 | C25: Lê Thế Long | D25: longlt23@viettel,com,vn | E25: BU01 - Quản trị doanh nghiệp | F25: BA | G25: M | H25: BA04 | I25: #REF! | J25: 12 | K25: 2023 | L25: 45261 | M25: 45285 | N25: =NETWORKDAYS(L25,M25) -> 17 | O25: =N25/21 -> 0.80952381 | P25: =ROUND(IF(S25="ODC",1*O25,I25*O25),3) -> #VALUE! | Q25: 1.287 | S25: NOT ODC | T25: BU01,BCN,NONSAP,Phase2 | U25: =IF(AND(Q25>=1,S25="ODC"),P25,Q25) -> 1.287 | V25: =ROUND(SUMIF($B:$B,B25,P:P),3) -> #VALUE! | W25: =ROUND(SUMIF($B:$B,B25,U:U),3) -> 1.287 | X25: =ROUND(W25/V25,2) -> #VALUE! | Z25: =COUNTIF($B:$B,B25) -> 1
A26: 24 | B26: 284324 | C26: Nguyễn Văn Huy | D26: huynv55@viettel,com,vn | E26: BU01 - Quản trị doanh nghiệp | F26: DEV | G26: J | H26: DEV02 | I26: #REF! | J26: 12 | K26: 2023 | L26: 45292 | M26: 45322 | N26: =NETWORKDAYS(L26,M26) -> 23 | O26: =N26/21 -> 1.0952381 | P26: =ROUND(IF(S26="ODC",1*O26,I26*O26),3) -> #VALUE! | Q26: 0.6 | S26: NOT ODC | T26: BU05,VTT,MyViettel | U26: =IF(AND(Q26>=1,S26="ODC"),P26,Q26) -> 0.6 | V26: =ROUND(SUMIF($B:$B,B26,P:P),3) -> #VALUE! | W26: =ROUND(SUMIF($B:$B,B26,U:U),3) -> 0.6 | X26: =ROUND(W26/V26,2) -> #VALUE! | Z26: =COUNTIF($B:$B,B26) -> 1
A27: 25 | B27: 428983 | C27: Ngô Thế Hưng | D27: hungnt209@viettel,com,vn | E27: BU03 | F27: DEV | G27: M+ | H27: DEV05 | I27: 2.03 | J27: 12 | K27: 2023 | L27: 44938 | M27: 12/31/2023 | N27: 20 | O27: 1 | P27: 1 | Q27: 1 | S27: ODC | T27: BU03,VDS,VTM,FCC | U27: =IF(AND(Q27>=1,S27="ODC"),P27,Q27) -> 1 | V27: =ROUND(SUMIF($B:$B,B27,P:P),3) -> 1 | W27: =ROUND(SUMIF($B:$B,B27,U:U),3) -> 1 | X27: =ROUND(W27/V27,2) -> 1 | Z27: =COUNTIF($B:$B,B27) -> 1
A28: 26 | B28: 428979 | C28: Nguyễn Thị Huyền | D28: huyennt166@viettel,com,vn | E28: BU03 | F28: BA | G28: S | H28: BA06 | I28: 2.33 | J28: 12 | K28: 2023 | L28: 44938 | M28: 12/31/2023 | N28: 20 | O28: 1 | P28: 1 | Q28: 0.95 | S28: ODC | T28: BU03,VDS,VTM,FCC | U28: =IF(AND(Q28>=1,S28="ODC"),P28,Q28) -> 0.95 | V28: =ROUND(SUMIF($B:$B,B28,P:P),3) -> 1 | W28: =ROUND(SUMIF($B:$B,B28,U:U),3) -> 0.95 | X28: =ROUND(W28/V28,2) -> 0.95 | Z28: =COUNTIF($B:$B,B28) -> 1
A29: 27 | B29: 428991 | C29: Nguyễn Đức Quân | D29: quannd16@viettel,com,vn | E29: BU03 | F29: DEV | G29: J | H29: DEV02 | I29: 1 | J29: 12 | K29: 2023 | L29: 44938 | M29: 12/31/2023 | N29: 20 | O29: 1 | P29: 1 | Q29: 0.98 | S29: ODC | T29: BU03,VDS,VTM,FCC | U29: =IF(AND(Q29>=1,S29="ODC"),P29,Q29) -> 0.98 | V29: =ROUND(SUMIF($B:$B,B29,P:P),3) -> 1 | W29: =ROUND(SUMIF($B:$B,B29,U:U),3) -> 0.98 | X29: =ROUND(W29/V29,2) -> 0.98 | Z29: =COUNTIF($B:$B,B29) -> 1
A30: 28 | B30: 434053 | C30: Nguyễn Hoài Sơn | D30: sonnh70@viettel,com,vn | E30: BU03 | F30: DEV | G30: J | H30: DEV02 | I30: 1 | J30: 12 | K30: 2023 | L30: 44938 | M30: 12/31/2023 | N30: 20 | O30: 1 | P30: 1 | Q30: 0.93 | S30: ODC | T30: BU03,VDS,VTM,FCC | U30: =IF(AND(Q30>=1,S30="ODC"),P30,Q30) -> 0.93 | V30: =ROUND(SUMIF($B:$B,B30,P:P),3) -> 1 | W30: =ROUND(SUMIF($B:$B,B30,U:U),3) -> 0.93 | X30: =ROUND(W30/V30,2) -> 0.93 | Z30: =COUNTIF($B:$B,B30) -> 1
A31: 29 | B31: 432653 | C31: Trần Thị Thanh Thanh | D31: thanhttt13@viettel,com,vn | E31: BU03 | F31: DEV | G31: J+ | H31: DEV03 | I31: 1.24 | J31: 12 | K31: 2023 | L31: 44938 | M31: 12/31/2023 | N31: 20 | O31: 1 | P31: 1 | Q31: 1 | S31: ODC | T31: BU03,VDS,VTM,FCC | U31: =IF(AND(Q31>=1,S31="ODC"),P31,Q31) -> 1 | V31: =ROUND(SUMIF($B:$B,B31,P:P),3) -> 1 | W31: =ROUND(SUMIF($B:$B,B31,U:U),3) -> 1 | X31: =ROUND(W31/V31,2) -> 1 | Z31: =COUNTIF($B:$B,B31) -> 1
A32: 30 | B32: 428711 | C32: Vũ Thị Nga | D32: ngavt16@viettel,com,vn | E32: BU03 | F32: Tester | G32: M | H32: Tester04 | I32: 1.41 | J32: 12 | K32: 2023 | L32: 44938 | M32: 12/31/2023 | N32: 20 | O32: 1 | P32: 1 | Q32: 1 | S32: ODC | T32: BU03,VDS,VTM,FCC | U32: =IF(AND(Q32>=1,S32="ODC"),P32,Q32) -> 1 | V32: =ROUND(SUMIF($B:$B,B32,P:P),3) -> 1 | W32: =ROUND(SUMIF($B:$B,B32,U:U),3) -> 1 | X32: =ROUND(W32/V32,2) -> 1 | Z32: =COUNTIF($B:$B,B32) -> 1
A33: 31 | B33: 439022 | C33: Nguyễn Thị Ngọc Yến | D33: yenntn17@viettel,com,vn | E33: BU03 | F33: Tester | G33: J | H33: Tester02 | I33: 0.86 | J33: 12 | K33: 2023 | L33: 44938 | M33: 12/31/2023 | N33: 20 | O33: 1 | P33: 1 | Q33: 0.95 | S33: ODC | T33: BU03,VDS,VTM,FCC | U33: =IF(AND(Q33>=1,S33="ODC"),P33,Q33) -> 0.95 | V33: =ROUND(SUMIF($B:$B,B33,P:P),3) -> 1 | W33: =ROUND(SUMIF($B:$B,B33,U:U),3) -> 0.95 | X33: =ROUND(W33/V33,2) -> 0.95 | Z33: =COUNTIF($B:$B,B33) -> 1
A34: 32 | B34: 431986 | C34: Phạm Hồng Quân | D34: quanph25@viettel,com,vn | E34: BU03 | F34: DEV | G34: M | H34: DEV04 | I34: 1.59 | J34: 12 | K34: 2023 | L34: 44938 | M34: 12/31/2023 | N34: 20 | O34: 1 | P34: 1 | Q34: 0.95 | S34: ODC | T34: BU03,VDS,VTM,FCC | U34: =IF(AND(Q34>=1,S34="ODC"),P34,Q34) -> 0.95 | V34: =ROUND(SUMIF($B:$B,B34,P:P),3) -> 1 | W34: =ROUND(SUMIF($B:$B,B34,U:U),3) -> 0.95 | X34: =ROUND(W34/V34,2) -> 0.95 | Z34: =COUNTIF($B:$B,B34) -> 1
A35: 33 | B35: 450265 | C35: Nguyễn Ngọc Huy | D35: huynn26@viettel,com,vn | E35: BU03 | F35: DEV | G35: J | H35: DEV02 | I35: 1 | J35: 12 | K35: 2023 | L35: 44938 | M35: 12/31/2023 | N35: 20 | O35: 1 | P35: 1 | Q35: 1 | S35: ODC | T35: BU03,VDS,VTM,FCC | U35: =IF(AND(Q35>=1,S35="ODC"),P35,Q35) -> 1 | V35: =ROUND(SUMIF($B:$B,B35,P:P),3) -> 1 | W35: =ROUND(SUMIF($B:$B,B35,U:U),3) -> 1 | X35: =ROUND(W35/V35,2) -> 1 | Z35: =COUNTIF($B:$B,B35) -> 1
A36: 34 | B36: 452011 | C36: Phạm Ngọc Minh | D36: minhpn13@viettel,com,vn | E36: BU03 | F36: DEV | G36: J+ | H36: DEV03 | I36: 1.24 | J36: 12 | K36: 2023 | L36: 44938 | M36: 12/31/2023 | N36: 20 | O36: 1 | P36: 1 | Q36: 0.95 | S36: ODC | T36: BU03,VDS,VTM,FCC | U36: =IF(AND(Q36>=1,S36="ODC"),P36,Q36) -> 0.95 | V36: =ROUND(SUMIF($B:$B,B36,P:P),3) -> 1 | W36: =ROUND(SUMIF($B:$B,B36,U:U),3) -> 0.95 | X36: =ROUND(W36/V36,2) -> 0.95 | Z36: =COUNTIF($B:$B,B36) -> 1
A37: 35 | B37: 453223 | C37: Nguyễn Tuấn Anh | D37: anhnt682@viettel,com,vn | E37: BU03 | F37: DEV | G37: J | H37: DEV02 | I37: 1 | J37: 12 | K37: 2023 | L37: 44938 | M37: 12/31/2023 | N37: 20 | O37: 1 | P37: 1 | Q37: 1 | S37: ODC | T37: BU03,VDS,VTM,FCC | U37: =IF(AND(Q37>=1,S37="ODC"),P37,Q37) -> 1 | V37: =ROUND(SUMIF($B:$B,B37,P:P),3) -> 1 | W37: =ROUND(SUMIF($B:$B,B37,U:U),3) -> 1 | X37: =ROUND(W37/V37,2) -> 1 | Z37: =COUNTIF($B:$B,B37) -> 1
A38: 36 | B38: 456631 | C38: Lại Tuấn Khương | D38: khuonglt@viettel,com,vn | E38: BU03 | F38: DEV | G38: J | H38: DEV02 | I38: 1 | J38: 12 | K38: 2023 | L38: 44938 | M38: 12/31/2023 | N38: 20 | O38: 1 | P38: 1 | Q38: 1 | S38: ODC | T38: BU03,VDS,VTM,FCC | U38: =IF(AND(Q38>=1,S38="ODC"),P38,Q38) -> 1 | V38: =ROUND(SUMIF($B:$B,B38,P:P),3) -> 1 | W38: =ROUND(SUMIF($B:$B,B38,U:U),3) -> 1 | X38: =ROUND(W38/V38,2) -> 1 | Z38: =COUNTIF($B:$B,B38) -> 1
... A50: 48 | B50: 453003 | C50: Vũ Thái Sơn | D50: sonvt25@viettel,com,vn | E50: BU03 | F50: DEV | G50: S | H50: DEV06 | I50: 2.27 | J50: 12 | K50: 2023 | L50: 44938 | M50: 12/31/2023 | N50: 20 | O50: 1 | P50: 2.27 | Q50: 2.16 | S50: NOT ODC | T50: BU03,VDS,CT,Phase1 | U50: =IF(AND(Q50>=1,S50="ODC"),P50,Q50) -> 2.16 | V50: =ROUND(SUMIF($B:$B,B50,P:P),3) -> 2.27 | W50: =ROUND(SUMIF($B:$B,B50,U:U),3) -> 2.16 | X50: =ROUND(W50/V50,2) -> 0.95 | Z50: =COUNTIF($B:$B,B50) -> 1
A51: 49 | B51: 454351 | C51: Hoàng Thị Thu Hằng | D51: hanghtt18@viettel,com,vn | E51: BU03 | F51: Tester | G51: F | H51: Tester01 | I51: 0.51 | J51: 12 | K51: 2023 | L51: 44938 | M51: 45242 | N51: 7 | O51: 0.35 | P51: 0.179 | Q51: 0.18 | S51: NOT ODC | T51: BU03,VDS,CT,Phase1 | U51: =IF(AND(Q51>=1,S51="ODC"),P51,Q51) -> 0.18 | V51: =ROUND(SUMIF($B:$B,B51,P:P),3) -> 0.511 | W51: =ROUND(SUMIF($B:$B,B51,U:U),3) -> 0.51 | X51: =ROUND(W51/V51,2) -> 1 | Z51: =COUNTIF($B:$B,B51) -> 2
A52: 50 | B52: 451253 | C52: Vũ Viết Dương | D52: duongvv9@viettel,com,vn | E52: BU03 | F52: DEV | G52: J+ | H52: DEV03 | I52: 1.24 | J52: 12 | K52: 2023 | L52: 44938 | M52: 12/31/2023 | N52: 20 | O52: 1 | P52: 1.24 | Q52: 0.74 | S52: NOT ODC | T52: BU03,VDS,CT,Phase1 | U52: =IF(AND(Q52>=1,S52="ODC"),P52,Q52) -> 0.74 | V52: =ROUND(SUMIF($B:$B,B52,P:P),3) -> 2.48 | W52: =ROUND(SUMIF($B:$B,B52,U:U),3) -> 1.24 | X52: =ROUND(W52/V52,2) -> 0.5 | Z52: =COUNTIF($B:$B,B52) -> 2
A53: 51 | B53: 451243 | C53: Trịnh Thúy Hằng | D53: hangtt71@viettel,com,vn | E53: BU03 | F53: Tester | G53: M | H53: Tester04 | I53: 1.41 | J53: 12 | K53: 2023 | L53: 44938 | M53: 12/31/2023 | N53: 20 | O53: 1 | P53: 1.41 | Q53: 1.3 | S53: NOT ODC | T53: BU03,VDS,CT,Phase1 | U53: =IF(AND(Q53>=1,S53="ODC"),P53,Q53) -> 1.3 | V53: =ROUND(SUMIF($B:$B,B53,P:P),3) -> 1.41 | W53: =ROUND(SUMIF($B:$B,B53,U:U),3) -> 1.3 | X53: =ROUND(W53/V53,2) -> 0.92 | Z53: =COUNTIF($B:$B,B53) -> 1
A54: 52 | B54: 451573 | C54: Ninh Văn Ích | D54: ichnv@viettel,com,vn | E54: BU03 | F54: DEV | G54: M+ | H54: DEV05 | I54: 2.03 | J54: 12 | K54: 2023 | L54: 44938 | M54: 12/31/2023 | N54: 20 | O54: 1 | P54: 2.03 | Q54: 1.73 | S54: NOT ODC | T54: BU03,VDS,CT,Phase1 | U54: =IF(AND(Q54>=1,S54="ODC"),P54,Q54) -> 1.73 | V54: =ROUND(SUMIF($B:$B,B54,P:P),3) -> 2.03 | W54: =ROUND(SUMIF($B:$B,B54,U:U),3) -> 1.73 | X54: =ROUND(W54/V54,2) -> 0.85 | Z54: =COUNTIF($B:$B,B54) -> 1
A55: 53 | B55: 441049 | C55: Lê Huy Hoàng | D55: hoanglh16@viettel,com,vn | E55: BU03 | F55: PM | G55: M | H55: PM04 | I55: 1.59 | J55: 12 | K55: 2023 | L55: 44938 | M55: 12/31/2023 | N55: 20 | O55: 1 | P55: 1.59 | Q55: 0.45 | S55: NOT ODC | T55: BU03,VDS,CT,Phase1 | U55: =IF(AND(Q55>=1,S55="ODC"),P55,Q55) -> 0.45 | V55: =ROUND(SUMIF($B:$B,B55,P:P),3) -> 6.36 | W55: =ROUND(SUMIF($B:$B,B55,U:U),3) -> 1.51 | X55: =ROUND(W55/V55,2) -> 0.24 | Z55: =COUNTIF($B:$B,B55) -> 4
A56: 54 | B56: 291974 | C56: Tô Thị Trang | D56: trangtt89@viettel,com,vn | E56: BU03 | F56: BA | G56: J+ | H56: BA03 | I56: 1.41 | J56: 12 | K56: 2023 | L56: 44938 | M56: 12/31/2023 | N56: 20 | O56: 1 | P56: 1 | Q56: 1 | S56: ODC | T56: BU03,VDS,CT,Phase2 | U56: =IF(AND(Q56>=1,S56="ODC"),P56,Q56) -> 1 | V56: =ROUND(SUMIF($B:$B,B56,P:P),3) -> 1 | W56: =ROUND(SUMIF($B:$B,B56,U:U),3) -> 1 | X56: =ROUND(W56/V56,2) -> 1 | Z56: =COUNTIF($B:$B,B56) -> 1
A57: 55 | B57: 441049 | C57: Lê Huy Hoàng | D57: hoanglh16@viettel,com,vn | E57: BU03 | F57: PM | G57: M | H57: PM04 | I57: 1.59 | J57: 12 | K57: 2023 | L57: 44938 | M57: 12/31/2023 | N57: 20 | O57: 1 | P57: 1.59 | Q57: 0.6 | S57: NOT ODC | T57: BU03,VDS,TopUp,Phase2 | U57: =IF(AND(Q57>=1,S57="ODC"),P57,Q57) -> 0.6 | V57: =ROUND(SUMIF($B:$B,B57,P:P),3) -> 6.36 | W57: =ROUND(SUMIF($B:$B,B57,U:U),3) -> 1.51 | X57: =ROUND(W57/V57,2) -> 0.24 | Z57: =COUNTIF($B:$B,B57) -> 4
A58: 56 | B58: 455859 | C58: Vũ Đức Đạt | D58: datvd@viettel,com,vn | E58: BU03 | F58: DEV | G58: M | H58: DEV04 | I58: 1.59 | J58: 12 | K58: 2023 | L58: 45242 | M58: 12/31/2023 | N58: 14 | O58: 0.7 | P58: 1.113 | Q58: 1.11 | S58: NOT ODC | T58: BU03,VDS,TopUp,Phase2 | U58: =IF(AND(Q58>=1,S58="ODC"),P58,Q58) -> 1.11 | V58: =ROUND(SUMIF($B:$B,B58,P:P),3) -> 1.113 | W58: =ROUND(SUMIF($B:$B,B58,U:U),3) -> 1.11 | X58: =ROUND(W58/V58,2) -> 1 | Z58: =COUNTIF($B:$B,B58) -> 1
A59: 57 | B59: 451249 | C59: Phạm Thị Thanh Hoa | D59: hoaptt7@viettel,com,vn | E59: BU03 | F59: Tester | G59: J | H59: Tester02 | I59: 0.86 | J59: 12 | K59: 2023 | L59: 45242 | M59: 12/31/2023 | N59: 14 | O59: 0.7 | P59: 0.602 | Q59: 0.22 | S59: NOT ODC | T59: BU03,VDS,TopUp,Phase2 | U59: =IF(AND(Q59>=1,S59="ODC"),P59,Q59) -> 0.22 | V59: =ROUND(SUMIF($B:$B,B59,P:P),3) -> 1.462 | W59: =ROUND(SUMIF($B:$B,B59,U:U),3) -> 0.87 | X59: =ROUND(W59/V59,2) -> 0.6 | Z59: =COUNTIF($B:$B,B59) -> 2
A60: 58 | B60: 430629 | C60: Nguyễn Thị Loan | D60: loannt85@viettel,com,vn | E60: BU03 | F60: BA | G60: M | H60: BA04 | I60: 1.59 | J60: 12 | K60: 2023 | L60: 44938 | M60: 12/31/2023 | N60: 20 | O60: 1 | P60: 1.59 | Q60: 1.43 | S60: NOT ODC | T60: BU03,VDS,TopUp,Phase2 | U60: =IF(AND(Q60>=1,S60="ODC"),P60,Q60) -> 1.43 | V60: =ROUND(SUMIF($B:$B,B60,P:P),3) -> 1.59 | W60: =ROUND(SUMIF($B:$B,B60,U:U),3) -> 1.43 | X60: =ROUND(W60/V60,2) -> 0.9 | Z60: =COUNTIF($B:$B,B60) -> 1
A61: 59 | B61: 451253 | C61: Vũ Viết Dương | D61: duongvv9@viettel,com,vn | E61: BU03 | F61: DEV | G61: J+ | H61: DEV03 | I61: 1.24 | J61: 12 | K61: 2023 | L61: 44938 | M61: 12/31/2023 | N61: 20 | O61: 1 | P61: 1.24 | Q61: 0.5 | S61: NOT ODC | T61: BU03,VDS,TopUp,Phase2 | U61: =IF(AND(Q61>=1,S61="ODC"),P61,Q61) -> 0.5 | V61: =ROUND(SUMIF($B:$B,B61,P:P),3) -> 2.48 | W61: =ROUND(SUMIF($B:$B,B61,U:U),3) -> 1.24 | X61: =ROUND(W61/V61,2) -> 0.5 | Z61: =COUNTIF($B:$B,B61) -> 2
A62: 60 | B62: 439832 | C62: Lê Văn Chính | D62: chinhlv10@viettel,com,vn | E62: BU03 | F62: DEV | G62: J+ | H62: DEV03 | I62: 1.24 | J62: 12 | K62: 2023 | L62: 44938 | M62: 12/31/2023 | N62: 20 | O62: 1 | P62: 1 | Q62: 1 | S62: ODC | T62: BU03,VDS,ThuHo,Phase2 | U62: =IF(AND(Q62>=1,S62="ODC"),P62,Q62) -> 1 | V62: =ROUND(SUMIF($B:$B,B62,P:P),3) -> 1 | W62: =ROUND(SUMIF($B:$B,B62,U:U),3) -> 1 | X62: =ROUND(W62/V62,2) -> 1 | Z62: =COUNTIF($B:$B,B62) -> 1
A63: 61 | B63: 452877 | C63: Vũ Văn Luân | D63: luanvv@viettel,com,vn | E63: BU03 | F63: DEV | G63: M | H63: DEV04 | I63: 1.59 | J63: 12 | K63: 2023 | L63: 12/16/2023 | M63: 12/17/2023 | N63: 2 | O63: 0.1 | P63: 0.159 | Q63: 0.32 | S63: NOT ODC | T63: BU03,VDS,ThuHo,Phase2 | U63: =IF(AND(Q63>=1,S63="ODC"),P63,Q63) -> 0.32 | V63: =ROUND(SUMIF($B:$B,B63,P:P),3) -> 1.749 | W63: =ROUND(SUMIF($B:$B,B63,U:U),3) -> 2.15 | X63: =ROUND(W63/V63,2) -> 1.23 | Z63: =COUNTIF($B:$B,B63) -> 2
A64: 62 | B64: 454813 | C64: Phan Văn Hoàn | D64: hoanpv7@viettel,com,vn | E64: BU03 | F64: DEV | G64: M | H64: DEV04 | I64: 1.59 | J64: 12 | K64: 2023 | L64: 12/16/2023 | M64: 12/17/2023 | N64: 2 | O64: 0.1 | P64: 0.159 | Q64: 0.32 | S64: NOT ODC | T64: BU03,VDS,ThuHo,Phase2 | U64: =IF(AND(Q64>=1,S64="ODC"),P64,Q64) -> 0.32 | V64: =ROUND(SUMIF($B:$B,B64,P:P),3) -> 1.749 | W64: =ROUND(SUMIF($B:$B,B64,U:U),3) -> 2.15 | X64: =ROUND(W64/V64,2) -> 1.23 | Z64: =COUNTIF($B:$B,B64) -> 2
A65: 63 | B65: 452877 | C65: Vũ Văn Luân | D65: luanvv@viettel,com,vn | E65: BU03 | F65: DEV | G65: M | H65: DEV04 | I65: 1.59 | J65: 12 | K65: 2023 | L65: 44938 | M65: 12/31/2023 | N65: 20 | O65: 1 | P65: 1.59 | Q65: 1.83 | S65: NOT ODC | T65: BU03,VDS,CTVT | U65: =IF(AND(Q65>=1,S65="ODC"),P65,Q65) -> 1.83 | V65: =ROUND(SUMIF($B:$B,B65,P:P),3) -> 1.749 | W65: =ROUND(SUMIF($B:$B,B65,U:U),3) -> 2.15 | X65: =ROUND(W65/V65,2) -> 1.23 | Z65: =COUNTIF($B:$B,B65) -> 2
A66: 64 | B66: 454813 | C66: Phan Văn Hoàn | D66: hoanpv7@viettel,com,vn | E66: BU03 | F66: DEV | G66: M | H66: DEV04 | I66: 1.59 | J66: 12 | K66: 2023 | L66: 44938 | M66: 12/31/2023 | N66: 20 | O66: 1 | P66: 1.59 | Q66: 1.83 | S66: NOT ODC | T66: BU03,VDS,CTVT | U66: =IF(AND(Q66>=1,S66="ODC"),P66,Q66) -> 1.83 | V66: =ROUND(SUMIF($B:$B,B66,P:P),3) -> 1.749 | W66: =ROUND(SUMIF($B:$B,B66,U:U),3) -> 2.15 | X66: =ROUND(W66/V66,2) -> 1.23 | Z66: =COUNTIF($B:$B,B66) -> 2
A67: 65 | B67: 454349 | C67: Lưu Thị Minh Tú | D67: tultm@viettel,com,vn | E67: BU03 | F67: DEV | G67: F | H67: DEV01 | I67: 0.55 | J67: 12 | K67: 2023 | L67: 44938 | M67: 12/31/2023 | N67: 20 | O67: 1 | P67: 0.55 | Q67: 0.63 | S67: NOT ODC | T67: BU03,VDS,CTVT | U67: =IF(AND(Q67>=1,S67="ODC"),P67,Q67) -> 0.63 | V67: =ROUND(SUMIF($B:$B,B67,P:P),3) -> 0.55 | W67: =ROUND(SUMIF($B:$B,B67,U:U),3) -> 0.63 | X67: =ROUND(W67/V67,2) -> 1.15 | Z67: =COUNTIF($B:$B,B67) -> 1
A68: 66 | B68: 452883 | C68: Đinh Tuấn Thanh | D68: thanhdt49@viettel,com,vn | E68: BU03 | F68: DEV | G68: J+ | H68: DEV03 | I68: 1.24 | J68: 12 | K68: 2023 | L68: 44938 | M68: 12/31/2023 | N68: 20 | O68: 1 | P68: 1.24 | Q68: 1.43 | S68: NOT ODC | T68: BU03,VDS,CTVT | U68: =IF(AND(Q68>=1,S68="ODC"),P68,Q68) -> 1.43 | V68: =ROUND(SUMIF($B:$B,B68,P:P),3) -> 1.24 | W68: =ROUND(SUMIF($B:$B,B68,U:U),3) -> 1.43 | X68: =ROUND(W68/V68,2) -> 1.15 | Z68: =COUNTIF($B:$B,B68) -> 1
A69: 67 | B69: 277356 | C69: Vũ Thanh Tùng | D69: tungvt24@viettel,com,vn | E69: BU03 | F69: DEV | G69: M | H69: DEV04 | I69: 1.59 | J69: 12 | K69: 2023 | L69: 44938 | M69: 12/31/2023 | N69: 20 | O69: 1 | P69: 1 | Q69: 1.05 | S69: ODC | T69: BU03,UNT,Comviva | U69: =IF(AND(Q69>=1,S69="ODC"),P69,Q69) -> 1 | V69: =ROUND(SUMIF($B:$B,B69,P:P),3) -> 1 | W69: =ROUND(SUMIF($B:$B,B69,U:U),3) -> 1 | X69: =ROUND(W69/V69,2) -> 1 | Z69: =COUNTIF($B:$B,B69) -> 1
A70: 68 | B70: 291769 | C70: Phan Minh Chiến | D70: chienpm1@viettel,com,vn | E70: BU03 | F70: DEV | G70: M | H70: DEV04 | I70: 1.59 | J70: 12 | K70: 2023 | L70: 44938 | M70: 12/31/2023 | N70: 20 | O70: 1 | P70: 1 | Q70: 0.8 | S70: ODC | T70: BU03,UNT,Comviva | U70: =IF(AND(Q70>=1,S70="ODC"),P70,Q70) -> 0.8 | V70: =ROUND(SUMIF($B:$B,B70,P:P),3) -> 1 | W70: =ROUND(SUMIF($B:$B,B70,U:U),3) -> 0.8 | X70: =ROUND(W70/V70,2) -> 0.8 | Z70: =COUNTIF($B:$B,B70) -> 1
A71: 69 | B71: 434037 | C71: Ngô Đức Hưng | D71: hungnd85@viettel,com,vn | E71: BU03 | F71: DEV | G71: M | H71: DEV04 | I71: 1.59 | J71: 12 | K71: 2023 | L71: 44938 | M71: 12/31/2023 | N71: 20 | O71: 1 | P71: 1 | Q71: 0.9 | S71: ODC | T71: BU03,UNT,Comviva | U71: =IF(AND(Q71>=1,S71="ODC"),P71,Q71) -> 0.9 | V71: =ROUND(SUMIF($B:$B,B71,P:P),3) -> 1 | W71: =ROUND(SUMIF($B:$B,B71,U:U),3) -> 0.9 | X71: =ROUND(W71/V71,2) -> 0.9 | Z71: =COUNTIF($B:$B,B71) -> 1
A72: 70 | B72: 436378 | C72: Lê Vân Trang | D72: tranglv4@viettel,com,vn | E72: BU03 | F72: BA | G72: J+ | H72: BA03 | I72: 1.41 | J72: 12 | K72: 2023 | L72: 44938 | M72: 12/31/2023 | N72: 20 | O72: 1 | P72: 1 | Q72: 1.05 | S72: ODC | T72: BU03,UNT,Comviva | U72: =IF(AND(Q72>=1,S72="ODC"),P72,Q72) -> 1 | V72: =ROUND(SUMIF($B:$B,B72,P:P),3) -> 1 | W72: =ROUND(SUMIF($B:$B,B72,U:U),3) -> 1 | X72: =ROUND(W72/V72,2) -> 1 | Z72: =COUNTIF($B:$B,B72) -> 1
A73: 71 | B73: 431985 | C73: Phùng Thị Hồng Uyên | D73: uyenpth5@viettel,com,vn | E73: BU03 | F73: Tester | G73: M | H73: Tester04 | I73: 1.41 | J73: 12 | K73: 2023 | L73: 44938 | M73: 12/31/2023 | N73: 20 | O73: 1 | P73: 1 | Q73: 1.05 | S73: ODC | T73: BU03,UNT,Comviva | U73: =IF(AND(Q73>=1,S73="ODC"),P73,Q73) -> 1 | V73: =ROUND(SUMIF($B:$B,B73,P:P),3) -> 1 | W73: =ROUND(SUMIF($B:$B,B73,U:U),3) -> 1 | X73: =ROUND(W73/V73,2) -> 1 | Z73: =COUNTIF($B:$B,B73) -> 1
A74: 72 | B74: 275897 | C74: Nguyễn Thị Nhung | D74: nhungnt110@viettel,com,vn | E74: BU03 | F74: Tester | G74: J | H74: Tester02 | I74: 0.86 | J74: 12 | K74: 2023 | L74: 44938 | M74: 12/31/2023 | N74: 20 | O74: 1 | P74: 1 | Q74: 0.95 | S74: ODC | T74: BU03,UNT,Comviva | U74: =IF(AND(Q74>=1,S74="ODC"),P74,Q74) -> 0.95 | V74: =ROUND(SUMIF($B:$B,B74,P:P),3) -> 1 | W74: =ROUND(SUMIF($B:$B,B74,U:U),3) -> 0.95 | X74: =ROUND(W74/V74,2) -> 0.95 | Z74: =COUNTIF($B:$B,B74) -> 1
A75: 73 | B75: 439833 | C75: Đào Thị Thương | D75: thuongdt15@viettel,com,vn | E75: BU03 | F75: Tester | G75: M | H75: Tester04 | I75: 1.41 | J75: 12 | K75: 2023 | L75: 44938 | M75: 12/31/2023 | N75: 20 | O75: 1 | P75: 1 | Q75: 1 | S75: ODC | T75: BU03,UNT,Comviva | U75: =IF(AND(Q75>=1,S75="ODC"),P75,Q75) -> 1 | V75: =ROUND(SUMIF($B:$B,B75,P:P),3) -> 1 | W75: =ROUND(SUMIF($B:$B,B75,U:U),3) -> 1 | X75: =ROUND(W75/V75,2) -> 1 | Z75: =COUNTIF($B:$B,B75) -> 1
A76: 74 | B76: 292504 | C76: Nguyễn Hoài Thu | D76: thunh12@viettel,com,vn | E76: BU03 | F76: BA | G76: M | H76: BA04 | I76: 1.59 | J76: 12 | K76: 2023 | L76: 44938 | M76: 12/31/2023 | N76: 20 | O76: 1 | P76: 1 | Q76: 0.95 | S76: ODC | T76: BU03,UNT,Comviva | U76: =IF(AND(Q76>=1,S76="ODC"),P76,Q76) -> 0.95 | V76: =ROUND(SUMIF($B:$B,B76,P:P),3) -> 1 | W76: =ROUND(SUMIF($B:$B,B76,U:U),3) -> 0.95 | X76: =ROUND(W76/V76,2) -> 0.95 | Z76: =COUNTIF($B:$B,B76) -> 1
... A90: 88 | B90: 457895 | C90: Trần Minh Quang | D90: quangtm19@viettel,com,vn | E90: BU03 | F90: DEV | G90: F | H90: DEV01 | I90: 0.55 | J90: 12 | K90: 2023 | L90: 44938 | M90: 12/31/2023 | N90: 20 | O90: 1 | P90: 1 | Q90: 1 | S90: ODC | T90: BU03,VDS,ViThiTruong (OSDC) | U90: =IF(AND(Q90>=1,S90="ODC"),P90,Q90) -> 1 | V90: =ROUND(SUMIF($B:$B,B90,P:P),3) -> 1 | W90: =ROUND(SUMIF($B:$B,B90,U:U),3) -> 1 | X90: =ROUND(W90/V90,2) -> 1 | Z90: =COUNTIF($B:$B,B90) -> 1
A91: 89 | B91: 282564 | C91: Nguyễn Thị Thanh Xuân | D91: xuanntt10@viettel,com,vn | E91: BU03 | F91: BA | G91: J+ | H91: BA03 | I91: 1.41 | J91: 12 | K91: 2023 | L91: 44938 | M91: 45150 | N91: 6 | O91: 0.3 | P91: 0.3 | Q91: 0.3 | S91: ODC | T91: BU03,VDS,ViDienTu3,0 | U91: =IF(AND(Q91>=1,S91="ODC"),P91,Q91) -> 0.3 | V91: =ROUND(SUMIF($B:$B,B91,P:P),3) -> 0.3 | W91: =ROUND(SUMIF($B:$B,B91,U:U),3) -> 0.3 | X91: =ROUND(W91/V91,2) -> 1 | Z91: =COUNTIF($B:$B,B91) -> 1
A92: 90 | B92: 432394 | C92: Vũ Trần Tiến | D92: tienvt11@viettel,com,vn | E92: BU03 | F92: DEV | G92: S | H92: DEV06 | I92: 2.27 | J92: 12 | K92: 2023 | L92: 44938 | M92: 12/31/2023 | N92: 20 | O92: 1 | P92: 1 | Q92: 1.3 | S92: ODC | T92: BU03,VDS,ViDienTu3,0 | U92: =IF(AND(Q92>=1,S92="ODC"),P92,Q92) -> 1 | V92: =ROUND(SUMIF($B:$B,B92,P:P),3) -> 1 | W92: =ROUND(SUMIF($B:$B,B92,U:U),3) -> 1 | X92: =ROUND(W92/V92,2) -> 1 | Z92: =COUNTIF($B:$B,B92) -> 1
A93: 91 | B93: 435010 | C93: Tống Duy Hải | D93: haitd26@viettel,com,vn | E93: BU03 | F93: DEV | G93: J+ | H93: DEV03 | I93: 1.24 | J93: 12 | K93: 2023 | L93: 44938 | M93: 12/31/2023 | N93: 20 | O93: 1 | P93: 1 | Q93: 1 | S93: ODC | T93: BU03,VDS,ViDienTu3,0 | U93: =IF(AND(Q93>=1,S93="ODC"),P93,Q93) -> 1 | V93: =ROUND(SUMIF($B:$B,B93,P:P),3) -> 1 | W93: =ROUND(SUMIF($B:$B,B93,U:U),3) -> 1 | X93: =ROUND(W93/V93,2) -> 1 | Z93: =COUNTIF($B:$B,B93) -> 1
A94: 92 | B94: 435421 | C94: Nguyễn Duy Toản | D94: toannd37@viettel,com,vn | E94: BU03 | F94: DEV | G94: M | H94: DEV04 | I94: 1.59 | J94: 12 | K94: 2023 | L94: 44938 | M94: 12/31/2023 | N94: 20 | O94: 1 | P94: 1 | Q94: 1 | S94: ODC | T94: BU03,VDS,ViDienTu3,0 | U94: =IF(AND(Q94>=1,S94="ODC"),P94,Q94) -> 1 | V94: =ROUND(SUMIF($B:$B,B94,P:P),3) -> 1 | W94: =ROUND(SUMIF($B:$B,B94,U:U),3) -> 1 | X94: =ROUND(W94/V94,2) -> 1 | Z94: =COUNTIF($B:$B,B94) -> 1
A95: 93 | B95: 436083 | C95: Ngô Gia Hưng | D95: hungng2@viettel,com,vn | E95: BU03 | F95: DEV | G95: M | H95: DEV04 | I95: 1.59 | J95: 12 | K95: 2023 | L95: 44938 | M95: 12/31/2023 | N95: 20 | O95: 1 | P95: 1 | Q95: 1 | S95: ODC | T95: BU03,VDS,ViDienTu3,0 | U95: =IF(AND(Q95>=1,S95="ODC"),P95,Q95) -> 1 | V95: =ROUND(SUMIF($B:$B,B95,P:P),3) -> 1 | W95: =ROUND(SUMIF($B:$B,B95,U:U),3) -> 1 | X95: =ROUND(W95/V95,2) -> 1 | Z95: =COUNTIF($B:$B,B95) -> 1
A96: 94 | B96: 437385 | C96: Nguyễn Trung Quang | D96: quangnt17@viettel,com,vn | E96: BU03 | F96: DEV | G96: S | H96: DEV06 | I96: 2.27 | J96: 12 | K96: 2023 | L96: 44938 | M96: 12/31/2023 | N96: 20 | O96: 1 | P96: 1 | Q96: 1 | S96: ODC | T96: BU03,VDS,ViDienTu3,0 | U96: =IF(AND(Q96>=1,S96="ODC"),P96,Q96) -> 1 | V96: =ROUND(SUMIF($B:$B,B96,P:P),3) -> 1 | W96: =ROUND(SUMIF($B:$B,B96,U:U),3) -> 1 | X96: =ROUND(W96/V96,2) -> 1 | Z96: =COUNTIF($B:$B,B96) -> 1
A97: 95 | B97: 428987 | C97: Đinh Thị Minh Nguyệt | D97: nguyetdtm@viettel,com,vn | E97: BU03 | F97: Tester | G97: M | H97: Tester04 | I97: 1.41 | J97: 12 | K97: 2023 | L97: 44938 | M97: 12/31/2023 | N97: 20 | O97: 1 | P97: 1 | Q97: 1 | S97: ODC | T97: BU03,VDS,ViDienTu3,0 | U97: =IF(AND(Q97>=1,S97="ODC"),P97,Q97) -> 1 | V97: =ROUND(SUMIF($B:$B,B97,P:P),3) -> 1 | W97: =ROUND(SUMIF($B:$B,B97,U:U),3) -> 1 | X97: =ROUND(W97/V97,2) -> 1 | Z97: =COUNTIF($B:$B,B97) -> 1
A98: 96 | B98: 289072 | C98: Hoàng Thị Phượng | D98: phuonght48@viettel,com,vn | E98: BU03 | F98: Tester | G98: J | H98: Tester02 | I98: 0.86 | J98: 12 | K98: 2023 | L98: 44938 | M98: 12/31/2023 | N98: 20 | O98: 1 | P98: 1 | Q98: 1 | S98: ODC | T98: BU03,VDS,ViDienTu3,0 | U98: =IF(AND(Q98>=1,S98="ODC"),P98,Q98) -> 1 | V98: =ROUND(SUMIF($B:$B,B98,P:P),3) -> 1 | W98: =ROUND(SUMIF($B:$B,B98,U:U),3) -> 1 | X98: =ROUND(W98/V98,2) -> 1 | Z98: =COUNTIF($B:$B,B98) -> 1
A99: 97 | B99: 435594 | C99: Nguyễn Tuấn Việt | D99: vietnt38@viettel,com,vn | E99: BU03 | F99: BA | G99: M+ | H99: BA05 | I99: 2.07 | J99: 12 | K99: 2023 | L99: 44938 | M99: 12/31/2023 | N99: 20 | O99: 1 | P99: 1 | Q99: 1 | S99: ODC | T99: BU03,VDS,ViDienTu3,0 | U99: =IF(AND(Q99>=1,S99="ODC"),P99,Q99) -> 1 | V99: =ROUND(SUMIF($B:$B,B99,P:P),3) -> 1 | W99: =ROUND(SUMIF($B:$B,B99,U:U),3) -> 1 | X99: =ROUND(W99/V99,2) -> 1 | Z99: =COUNTIF($B:$B,B99) -> 1
A100: 98 | B100: 435597 | C100: Phạm Văn Hiệp | D100: hieppv10@viettel,com,vn | E100: BU03 | F100: DEV | G100: M | H100: DEV04 | I100: 1.59 | J100: 12 | K100: 2023 | L100: 44938 | M100: 12/31/2023 | N100: 20 | O100: 1 | P100: 1 | Q100: 1 | S100: ODC | T100: BU03,VDS,ViDienTu3,0 | U100: =IF(AND(Q100>=1,S100="ODC"),P100,Q100) -> 1 | V100: =ROUND(SUMIF($B:$B,B100,P:P),3) -> 1 | W100: =ROUND(SUMIF($B:$B,B100,U:U),3) -> 1 | X100: =ROUND(W100/V100,2) -> 1 | Z100: =COUNTIF($B:$B,B100) -> 1
A101: 99 | B101: 434408 | C101: Lê Văn Việt | D101: vietlv4@viettel,com,vn | E101: BU03 | F101: DEV | G101: F | H101: DEV01 | I101: 0.55 | J101: 12 | K101: 2023 | L101: 44938 | M101: 12/31/2023 | N101: 20 | O101: 1 | P101: 0.55 | Q101: 0.55 | S101: NOT ODC | T101: BU03,VDS,ViDienTu3,0 (package) | U101: =IF(AND(Q101>=1,S101="ODC"),P101,Q101) -> 0.55 | V101: =ROUND(SUMIF($B:$B,B101,P:P),3) -> 0.55 | W101: =ROUND(SUMIF($B:$B,B101,U:U),3) -> 0.55 | X101: =ROUND(W101/V101,2) -> 1 | Z101: =COUNTIF($B:$B,B101) -> 1
A102: 100 | B102: 429192 | C102: Phan Đức Nghĩa | D102: nghiapd6@viettel,com,vn | E102: BU03 | F102: DEV | G102: J | H102: DEV02 | I102: 1 | J102: 12 | K102: 2023 | L102: 44938 | M102: 12/31/2023 | N102: 20 | O102: 1 | P102: 1 | Q102: 1 | S102: NOT ODC | T102: BU03,VDS,ViDienTu3,0 (package) | U102: =IF(AND(Q102>=1,S102="ODC"),P102,Q102) -> 1 | V102: =ROUND(SUMIF($B:$B,B102,P:P),3) -> 1 | W102: =ROUND(SUMIF($B:$B,B102,U:U),3) -> 1 | X102: =ROUND(W102/V102,2) -> 1 | Z102: =COUNTIF($B:$B,B102) -> 1
A103: 101 | B103: 446207 | C103: Nguyễn Quốc Huy | D103: huynq594@viettel,com,vn | E103: BU03 | F103: DEV | G103: F | H103: DEV01 | I103: 0.55 | J103: 12 | K103: 2023 | L103: 44938 | M103: 12/31/2023 | N103: 20 | O103: 1 | P103: 0.55 | Q103: 0.55 | S103: NOT ODC | T103: BU03,VDS,ViDienTu3,0 (package) | U103: =IF(AND(Q103>=1,S103="ODC"),P103,Q103) -> 0.55 | V103: =ROUND(SUMIF($B:$B,B103,P:P),3) -> 0.55 | W103: =ROUND(SUMIF($B:$B,B103,U:U),3) -> 0.55 | X103: =ROUND(W103/V103,2) -> 1 | Z103: =COUNTIF($B:$B,B103) -> 1
... A118: 116 | B118: 437390 | C118: Nguyễn Văn Anh | D118: anhnv206@viettel,com,vn | E118: BU03 | F118: DEV | G118: M+ | H118: DEV05 | I118: 2.03 | J118: 12 | K118: 2023 | L118: 44938 | M118: 12/31/2023 | N118: 20 | O118: 1 | P118: 2.03 | Q118: 2.03 | S118: NOT ODC | T118: BU03,VDS,ViThiTruong (package) | U118: =IF(AND(Q118>=1,S118="ODC"),P118,Q118) -> 2.03 | V118: =ROUND(SUMIF($B:$B,B118,P:P),3) -> 2.03 | W118: =ROUND(SUMIF($B:$B,B118,U:U),3) -> 2.03 | X118: =ROUND(W118/V118,2) -> 1 | Z118: =COUNTIF($B:$B,B118) -> 1
A119: 117 | B119: 272637 | C119: Nguyễn Phú Quí | D119: quinp5@viettel,com,vn | E119: BU05 - Viễn thông | F119: DEV | G119: J+ | H119: DEV03 | I119: #REF! | J119: 12 | K119: 2023 | L119: 45292 | M119: 45322 | N119: =NETWORKDAYS(L119,M119) -> 23 | O119: =N119/21 -> 1.0952381 | P119: =ROUND(IF(S119="ODC",1*O119,I119*O119),3) -> #VALUE! | Q119: 1.358 | S119: NOT ODC | T119: BU05,VTNet,OSS,THITRUONG | U119: =IF(AND(Q119>=1,S119="ODC"),P119,Q119) -> 1.358 | V119: =ROUND(SUMIF($B:$B,B119,P:P),3) -> #VALUE! | W119: =ROUND(SUMIF($B:$B,B119,U:U),3) -> 1.358 | X119: =ROUND(W119/V119,2) -> #VALUE! | Z119: =COUNTIF($B:$B,B119) -> 1
A120: 118 | B120: 441899 | C120: Phạm Hồng Nhung | D120: nhungph2@viettel,com,vn | E120: BU05 - Viễn thông | F120: TESTER | G120: M | H120: TESTER04 | I120: #REF! | J120: 12 | K120: 2023 | L120: 45292 | M120: 45322 | N120: =NETWORKDAYS(L120,M120,L120) -> 22 | O120: =N120/22 -> 1 | P120: =ROUND(IF(S120="ODC",1*O120,I120*O120),3) -> #VALUE! | Q120: 1.55 | S120: NOT ODC | T120: BU05,VTT,VAS | U120: =IF(AND(Q120>=1,S120="ODC"),P120,Q120) -> 1.55 | V120: =ROUND(SUMIF($B:$B,B120,P:P),3) -> #VALUE! | W120: =ROUND(SUMIF($B:$B,B120,U:U),3) -> 1.55 | X120: =ROUND(W120/V120,2) -> #VALUE! | Z120: =COUNTIF($B:$B,B120) -> 1
A121: 119 | B121: 262581 | C121: Đào Minh Tùng | D121: tungdm7@viettel,com,vn | E121: BU05 - Viễn thông | F121: DEV | G121: M | H121: DEV04 | I121: #REF! | J121: 12 | K121: 2023 | L121: 45292 | M121: 45322 | N121: =NETWORKDAYS(L121,M121,L121) -> 22 | O121: =N121/22 -> 1 | P121: =ROUND(IF(S121="ODC",1*O121,I121*O121),3) -> 1 | Q121: 1.2 | S121: ODC | T121: BU05,VTT,VAS | U121: =IF(AND(Q121>=1,S121="ODC"),P121,Q121) -> 1 | V121: =ROUND(SUMIF($B:$B,B121,P:P),3) -> 1 | W121: =ROUND(SUMIF($B:$B,B121,U:U),3) -> 1 | X121: =ROUND(W121/V121,2) -> 1 | Z121: =COUNTIF($B:$B,B121) -> 1
A122: 120 | B122: 439198 | C122: Đào Thị Phương | D122: phuongdt58@viettel,com,vn | E122: BU05 - Viễn thông | F122: TESTER | G122: J | H122: TESTER02 | I122: #REF! | J122: 12 | K122: 2023 | L122: 45292 | M122: 45322 | N122: =NETWORKDAYS(L122,M122,L122) -> 22 | O122: =N122/22 -> 1 | P122: =ROUND(IF(S122="ODC",1*O122,I122*O122),3) -> 1 | Q122: 1 | S122: ODC | T122: BU05,VTT,VAS | U122: =IF(AND(Q122>=1,S122="ODC"),P122,Q122) -> 1 | V122: =ROUND(SUMIF($B:$B,B122,P:P),3) -> 1 | W122: =ROUND(SUMIF($B:$B,B122,U:U),3) -> 1 | X122: =ROUND(W122/V122,2) -> 1 | Z122: =COUNTIF($B:$B,B122) -> 1
A123: 121 | B123: 430894 | C123: Đặng Tiến Dũng | D123: dungdt68@viettel,com,vn | E123: BU05 - Viễn thông | F123: BA | G123: M | H123: BA04 | I123: #REF! | J123: 12 | K123: 2023 | L123: 45292 | M123: 45322 | N123: =NETWORKDAYS(L123,M123) -> 23 | O123: =N123/21 -> 1.0952381 | P123: =ROUND(IF(S123="ODC",1*O123,I123*O123),3) -> #VALUE! | Q123: 1.741 | S123: NOT ODC | T123: BU05,VTNet,OSS,THITRUONG | U123: =IF(AND(Q123>=1,S123="ODC"),P123,Q123) -> 1.741 | V123: =ROUND(SUMIF($B:$B,B123,P:P),3) -> #VALUE! | W123: =ROUND(SUMIF($B:$B,B123,U:U),3) -> 1.741 | X123: =ROUND(W123/V123,2) -> #VALUE! | Z123: =COUNTIF($B:$B,B123) -> 1
A124: 122 | B124: 427332 | C124: Đặng Văn Lực | D124: lucdv6@viettel,com,vn | E124: BU05 - Viễn thông | F124: DEV | G124: M | H124: DEV04 | I124: #REF! | J124: 12 | K124: 2023 | L124: 45292 | M124: 45322 | N124: =NETWORKDAYS(L124,M124) -> 23 | O124: =N124/21 -> 1.0952381 | P124: =ROUND(IF(S124="ODC",1*O124,I124*O124),3) -> #VALUE! | Q124: 1.741 | S124: NOT ODC | T124: BU05,VTNet,OSS,THITRUONG | U124: =IF(AND(Q124>=1,S124="ODC"),P124,Q124) -> 1.741 | V124: =ROUND(SUMIF($B:$B,B124,P:P),3) -> #VALUE! | W124: =ROUND(SUMIF($B:$B,B124,U:U),3) -> 1.741 | X124: =ROUND(W124/V124,2) -> #VALUE! | Z124: =COUNTIF($B:$B,B124) -> 1
A125: 123 | B125: 292510 | C125: Đỗ Thị Kim Duyên | D125: duyendtk2@viettel,com,vn | E125: BU05 - Viễn thông | F125: TESTER | G125: M | H125: TESTER04 | I125: #REF! | J125: 12 | K125: 2023 | L125: 45292 | M125: 45322 | N125: =NETWORKDAYS(L125,M125) -> 23 | O125: =N125/21 -> 1.0952381 | P125: =ROUND(IF(S125="ODC",1*O125,I125*O125),3) -> #VALUE! | Q125: 1.544 | S125: NOT ODC | T125: BU05,VTNet,OSS,THITRUONG | U125: =IF(AND(Q125>=1,S125="ODC"),P125,Q125) -> 1.544 | V125: =ROUND(SUMIF($B:$B,B125,P:P),3) -> #VALUE! | W125: =ROUND(SUMIF($B:$B,B125,U:U),3) -> 1.544 | X125: =ROUND(W125/V125,2) -> #VALUE! | Z125: =COUNTIF($B:$B,B125) -> 1
A126: 124 | B126: 437388 | C126: Lê Anh Quang | D126: quangla1@viettel,com,vn | E126: BU05 - Viễn thông | F126: DEV | G126: M | H126: DEV04 | I126: #REF! | J126: 12 | K126: 2023 | L126: 45292 | M126: 45322 | N126: =NETWORKDAYS(L126,M126) -> 23 | O126: =N126/21 -> 1.0952381 | P126: =ROUND(IF(S126="ODC",1*O126,I126*O126),3) -> #VALUE! | Q126: 1.741 | S126: NOT ODC | T126: BU05,VTNet,OSS,THITRUONG | U126: =IF(AND(Q126>=1,S126="ODC"),P126,Q126) -> 1.741 | V126: =ROUND(SUMIF($B:$B,B126,P:P),3) -> #VALUE! | W126: =ROUND(SUMIF($B:$B,B126,U:U),3) -> 1.741 | X126: =ROUND(W126/V126,2) -> #VALUE! | Z126: =COUNTIF($B:$B,B126) -> 1
A127: 125 | B127: 436377 | C127: Lê Công Quyền | D127: quyenlc2@viettel,com,vn | E127: BU05 - Viễn thông | F127: DEV | G127: J+ | H127: DEV03 | I127: #REF! | J127: 12 | K127: 2023 | L127: 45292 | M127: 45322 | N127: =NETWORKDAYS(L127,M127) -> 23 | O127: =N127/21 -> 1.0952381 | P127: =ROUND(IF(S127="ODC",1*O127,I127*O127),3) -> #VALUE! | Q127: 1.358 | S127: NOT ODC | T127: BU05,VTNet,OSS,THITRUONG | U127: =IF(AND(Q127>=1,S127="ODC"),P127,Q127) -> 1.358 | V127: =ROUND(SUMIF($B:$B,B127,P:P),3) -> #VALUE! | W127: =ROUND(SUMIF($B:$B,B127,U:U),3) -> 1.358 | X127: =ROUND(W127/V127,2) -> #VALUE! | Z127: =COUNTIF($B:$B,B127) -> 1
A128: 126 | B128: 428992 | C128: Ngô Đắc Trung | D128: trungnd43@viettel,com,vn | E128: BU05 - Viễn thông | F128: DEV | G128: J+ | H128: DEV03 | I128: #REF! | J128: 12 | K128: 2023 | L128: 45292 | M128: 45322 | N128: =NETWORKDAYS(L128,M128,L128) -> 22 | O128: =N128/22 -> 1 | P128: =ROUND(IF(S128="ODC",1*O128,I128*O128),3) -> #VALUE! | Q128: 1.15 | S128: NOT ODC | T128: BU05,VTT,VAS | U128: =IF(AND(Q128>=1,S128="ODC"),P128,Q128) -> 1.15 | V128: =ROUND(SUMIF($B:$B,B128,P:P),3) -> #VALUE! | W128: =ROUND(SUMIF($B:$B,B128,U:U),3) -> 1.15 | X128: =ROUND(W128/V128,2) -> #VALUE! | Z128: =COUNTIF($B:$B,B128) -> 1
A129: 127 | B129: 459055 | C129: Nguyễn Hữu Mạnh | D129: manhnh21@viettel,com,vn | E129: BU05 - Viễn thông | F129: Dev | G129: M | H129: Dev04 | I129: #REF! | J129: 12 | K129: 2023 | L129: 45292 | M129: 45322 | N129: =NETWORKDAYS(L129,M129,L129) -> 22 | O129: =N129/22 -> 1 | P129: =ROUND(IF(S129="ODC",1*O129,I129*O129),3) -> #VALUE! | Q129: 1.59 | S129: NOT ODC | T129: BU05,VTT,VAS | U129: =IF(AND(Q129>=1,S129="ODC"),P129,Q129) -> 1.59 | V129: =ROUND(SUMIF($B:$B,B129,P:P),3) -> #VALUE! | W129: =ROUND(SUMIF($B:$B,B129,U:U),3) -> 1.59 | X129: =ROUND(W129/V129,2) -> #VALUE! | Z129: =COUNTIF($B:$B,B129) -> 1
A130: 128 | B130: 458927 | C130: Nguyễn Nhật Long | D130: longnn22@viettel,com,vn | E130: BU05 - Viễn thông | F130: Dev | G130: M+ | H130: Dev05 | I130: #REF! | J130: 12 | K130: 2023 | L130: 45292 | M130: 45322 | N130: =NETWORKDAYS(L130,M130,L130) -> 22 | O130: =14/22 -> 0.63636364 | P130: =ROUND(IF(S130="ODC",1*O130,I130*O130),3) -> #VALUE! | Q130: 1.292 | S130: NOT ODC | T130: BU05,VTT,VAS | U130: =IF(AND(Q130>=1,S130="ODC"),P130,Q130) -> 1.292 | V130: =ROUND(SUMIF($B:$B,B130,P:P),3) -> #VALUE! | W130: =ROUND(SUMIF($B:$B,B130,U:U),3) -> 1.938 | X130: =ROUND(W130/V130,2) -> #VALUE! | Z130: =COUNTIF($B:$B,B130) -> 2
A131: 128 | B131: 458927 | C131: Nguyễn Nhật Long | D131: longnn22@viettel,com,vn | E131: BU05 - Viễn thông | F131: Dev | G131: M+ | H131: Dev05 | I131: #REF! | J131: 12 | K131: 2023 | L131: 45302 | M131: 45322 | N131: =NETWORKDAYS(L131,M131,L131) -> 14 | O131: =14*0.5/22 -> 0.31818182 | P131: =ROUND(IF(S131="ODC",1*O131,I131*O131),3) -> #VALUE! | Q131: 0.646 | S131: NOT ODC | T131: BU05,VTT,MyViettel | U131: =IF(AND(Q131>=1,S131="ODC"),P131,Q131) -> 0.646 | V131: =ROUND(SUMIF($B:$B,B131,P:P),3) -> #VALUE! | W131: =ROUND(SUMIF($B:$B,B131,U:U),3) -> 1.938 | X131: =ROUND(W131/V131,2) -> #VALUE! | Z131: =COUNTIF($B:$B,B131) -> 2
A132: 129 | B132: 451247 | C132: Nguyễn Phương Thúy | D132: THUYNP10@VIETTEL,COM,VN | E132: BU05 - Viễn thông | F132: TESTER | G132: J+ | H132: TESTER03 | I132: #REF! | J132: 12 | K132: 2023 | L132: 45292 | M132: 45322 | N132: =NETWORKDAYS(L132,M132) -> 23 | O132: =N132/21 -> 1.0952381 | P132: =ROUND(IF(S132="ODC",1*O132,I132*O132),3) -> #VALUE! | Q132: 1.303 | S132: NOT ODC | T132: BU05,VTNet,OSS,THITRUONG | U132: =IF(AND(Q132>=1,S132="ODC"),P132,Q132) -> 1.303 | V132: =ROUND(SUMIF($B:$B,B132,P:P),3) -> #VALUE! | W132: =ROUND(SUMIF($B:$B,B132,U:U),3) -> 1.303 | X132: =ROUND(W132/V132,2) -> #VALUE! | Z132: =COUNTIF($B:$B,B132) -> 1
A133: 130 | B133: 437535 | C133: Nguyễn Thành Tâm | D133: tamnt87@viettel,com,vn | E133: BU05 - Viễn thông | F133: DEV | G133: M | H133: DEV04 | I133: #REF! | J133: 12 | K133: 2023 | L133: 45292 | M133: 45322 | N133: =NETWORKDAYS(L133,M133) -> 23 | O133: =N133/21 -> 1.0952381 | P133: =ROUND(IF(S133="ODC",1*O133,I133*O133),3) -> #VALUE! | Q133: 1.741 | S133: NOT ODC | T133: BU05,VTNet,OSS,THITRUONG | U133: =IF(AND(Q133>=1,S133="ODC"),P133,Q133) -> 1.741 | V133: =ROUND(SUMIF($B:$B,B133,P:P),3) -> #VALUE! | W133: =ROUND(SUMIF($B:$B,B133,U:U),3) -> 1.741 | X133: =ROUND(W133/V133,2) -> #VALUE! | Z133: =COUNTIF($B:$B,B133) -> 1
A134: 131 | B134: 290265 | C134: Nguyễn Xuân Trường | D134: truongnx35@viettel,com,vn | E134: BU05 - Viễn thông | F134: DEV | G134: M+ | H134: DEV05 | I134: #REF! | J134: 12 | K134: 2023 | L134: 45292 | M134: 45322 | N134: =NETWORKDAYS(L134,M134) -> 23 | O134: =N134/21 -> 1.0952381 | P134: =ROUND(IF(S134="ODC",1*O134,I134*O134),3) -> #VALUE! | Q134: 2.223 | S134: NOT ODC | T134: BU05,VTNet,OSS,THITRUONG | U134: =IF(AND(Q134>=1,S134="ODC"),P134,Q134) -> 2.223 | V134: =ROUND(SUMIF($B:$B,B134,P:P),3) -> #VALUE! | W134: =ROUND(SUMIF($B:$B,B134,U:U),3) -> 2.223 | X134: =ROUND(W134/V134,2) -> #VALUE! | Z134: =COUNTIF($B:$B,B134) -> 1
A135: 132 | B135: 273821 | C135: Phạm Mạnh Cường | D135: cuongpm9@viettel,com,vn | E135: BU05 - Viễn thông | F135: DEV | G135: M | H135: DEV04 | I135: #REF! | J135: 12 | K135: 2023 | L135: 45292 | M135: 45322 | N135: =NETWORKDAYS(L135,M135,L135) -> 22 | O135: =N135/22 -> 1 | P135: =ROUND(IF(S135="ODC",1*O135,I135*O135),3) -> 1 | Q135: 1 | S135: ODC | T135: BU05,VTT,VAS | U135: =IF(AND(Q135>=1,S135="ODC"),P135,Q135) -> 1 | V135: =ROUND(SUMIF($B:$B,B135,P:P),3) -> 1 | W135: =ROUND(SUMIF($B:$B,B135,U:U),3) -> 1 | X135: =ROUND(W135/V135,2) -> 1 | Z135: =COUNTIF($B:$B,B135) -> 1
A136: 133 | B136: 433570 | C136: Phạm Phúc Long | D136: longpp4@viettel,com,vn | E136: BU05 - Viễn thông | F136: DEV | G136: F | H136: DEV01 | I136: #REF! | J136: 12 | K136: 2023 | L136: 45292 | M136: 45322 | N136: =NETWORKDAYS(L136,M136) -> 23 | O136: =N136/21 -> 1.0952381 | P136: =ROUND(IF(S136="ODC",1*O136,I136*O136),3) -> #VALUE! | Q136: 0.602 | S136: NOT ODC | T136: BU05,VTNet,OSS,THITRUONG | U136: =IF(AND(Q136>=1,S136="ODC"),P136,Q136) -> 0.602 | V136: =ROUND(SUMIF($B:$B,B136,P:P),3) -> #VALUE! | W136: =ROUND(SUMIF($B:$B,B136,U:U),3) -> 0.602 | X136: =ROUND(W136/V136,2) -> #VALUE! | Z136: =COUNTIF($B:$B,B136) -> 1
A137: 134 | B137: 458687 | C137: Phạm Thanh Tùng | D137: tungpt44@viettel,com,vn | E137: BU05 - Viễn thông | F137: Dev | G137: J+ | H137: Dev03 | I137: #REF! | J137: 12 | K137: 2023 | L137: 45292 | M137: 45322 | N137: =NETWORKDAYS(L137,M137,L137) -> 22 | O137: =N137/22 -> 1 | P137: =ROUND(IF(S137="ODC",1*O137,I137*O137),3) -> #VALUE! | Q137: 1.36 | S137: NOT ODC | T137: BU05,VTT,VAS | U137: =IF(AND(Q137>=1,S137="ODC"),P137,Q137) -> 1.36 | V137: =ROUND(SUMIF($B:$B,B137,P:P),3) -> #VALUE! | W137: =ROUND(SUMIF($B:$B,B137,U:U),3) -> 1.36 | X137: =ROUND(W137/V137,2) -> #VALUE! | Z137: =COUNTIF($B:$B,B137) -> 1
A138: 135 | B138: 451551 | C138: Trần Thị Hương | D138: HUONGTT167@VIETTEL,COM,VN | E138: BU05 - Viễn thông | F138: TESTER | G138: J | H138: TESTER02 | I138: #REF! | J138: 12 | K138: 2023 | L138: 45292 | M138: 45322 | N138: =NETWORKDAYS(L138,M138) -> 23 | O138: =N138/21 -> 1.0952381 | P138: =ROUND(IF(S138="ODC",1*O138,I138*O138),3) -> #VALUE! | Q138: 0.942 | S138: NOT ODC | T138: BU05,VTNet,OSS,THITRUONG | U138: =IF(AND(Q138>=1,S138="ODC"),P138,Q138) -> 0.942 | V138: =ROUND(SUMIF($B:$B,B138,P:P),3) -> #VALUE! | W138: =ROUND(SUMIF($B:$B,B138,U:U),3) -> 0.942 | X138: =ROUND(W138/V138,2) -> #VALUE! | Z138: =COUNTIF($B:$B,B138) -> 1
...

Sheet Tổng hợp NLTH 2.2024
B1: CÔNG TY ĐẦU TƯ CÔNG NGHỆ VIETTEL PHÒNG QUẢN LÝ DỰ ÁN Số: …,/TB-PMO | R1: CỘNG HOÀ XÃ HỘI CHỦ NGHĨA VIỆT NAM Độc lập - Tự do - Hạnh phúc
F8: BẢNG TỔNG HỢP NỖ LỰC THÁNG 02,2024
A11: STT | B11: Mã NV | C11: Tên nhân viên trên Jira | D11: Email | E11: Phòng/ban | F11: Role | G11: Level | H11: Mã chức danh | I11: Tiêu chuẩn (MM) | J11: Tháng | K11: Năm | L11: Ngày bắt đầu | M11: Ngày kết thúc | N11: Ngày công dự án | O11: Tỉ lệ công theo quá trình | P11: Nỗ lực tiêu chuẩn tháng | Q11: Nỗ lực thực hiện tháng BU gửi | R11: Nỗ lực ngoài sản xuất | S11: Dự án ODC | T11: Mã dự án | U11: Nỗ lực thực hiện chốt tính lương từng quá trình | V11: Nỗ lực tiêu chuẩn tổng các quá trình | W11: Nỗ lực thực hiện chốt tính lương tổng các quá trình | X11: Hệ số K | Y11: Ghi chú | Z11: lặp lại
A12: 1 | B12: 455381 | C12: Đàm Thị Khánh Huyền | D12: HUYENDTK1@VIETTEL,COM,VN | E12: BU05 - Viễn thông | F12: TESTER | G12: J | H12: TESTER02 | I12: #REF! | J12: 2 | K12: 2024 | L12: 45323 | M12: 45351 | N12: 16 | O12: =N12/16 -> 1 | P12: =ROUND(IF(S12="ODC",1*O12,I12*O12),3) -> 1 | Q12: 0.8125 | S12: ODC | T12: BU05,VTCC,DMP | U12: =IF(AND(Q12>=1,S12="ODC"),P12,Q12) -> 0.8125 | V12: =ROUND(SUMIF($B:$B,B12,P:P),3) -> 1 | W12: =ROUND(SUMIF($B:$B,B12,U:U),3) -> 0.813 | X12: =ROUND(W12/V12,2) -> 0.81 | Z12: =COUNTIF($B:$B,B12) -> 1
A13: =A12+1 -> 2 | B13: 438179 | C13: Phạm Thị Trang | D13: trangpt62@viettel,com,vn | E13: BU05 - Viễn thông | F13: TESTER | G13: F | H13: TESTER02 | I13: #REF! | J13: 2 | K13: 2024 | L13: 45323 | M13: 45351 | N13: 16 | O13: =N13/16 -> 1 | P13: =ROUND(IF(S13="ODC",1*O13,I13*O13),3) -> 1 | Q13: 0.9375 | S13: ODC | T13: BU05,VTCC,DMP | U13: =IF(AND(Q13>=1,S13="ODC"),P13,Q13) -> 0.9375 | V13: =ROUND(SUMIF($B:$B,B13,P:P),3) -> 1 | W13: =ROUND(SUMIF($B:$B,B13,U:U),3) -> 0.938 | X13: =ROUND(W13/V13,2) -> 0.94 | Z13: =COUNTIF($B:$B,B13) -> 1
A14: 3 | B14: 429608 | C14: Đình Văn Quân | D14: quandv17@viettel,com,vn | E14: BU05 - Viễn thông | F14: DEV | G14: J | H14: DEV02 | I14: #REF! | J14: 2 | K14: 2024 | L14: 45323 | M14: 45351 | N14: 16 | O14: =N14/16 -> 1 | P14: =ROUND(IF(S14="ODC",1*O14,I14*O14),3) -> 1 | Q14: 1 | S14: ODC | T14: BU05,VTCC,DMP | U14: =IF(AND(Q14>=1,S14="ODC"),P14,Q14) -> 1 | V14: =ROUND(SUMIF($B:$B,B14,P:P),3) -> 1 | W14: =ROUND(SUMIF($B:$B,B14,U:U),3) -> 1 | X14: =ROUND(W14/V14,2) -> 1 | Z14: =COUNTIF($B:$B,B14) -> 1
A15: 4 | B15: 430741 | C15: Đinh Văn Tuấn | D15: tuandv25@viettel,com,vn | E15: BU05 - Viễn thông | F15: DEV | G15: J+ | H15: DEV03 | I15: #REF! | J15: 2 | K15: 2024 | L15: 45323 | M15: 45351 | N15: 16 | O15: =N15/16 -> 1 | P15: =ROUND(IF(S15="ODC",1*O15,I15*O15),3) -> 1 | Q15: 0.96875 | S15: ODC | T15: BU05,VTCC,DMP | U15: =IF(AND(Q15>=1,S15="ODC"),P15,Q15) -> 0.96875 | V15: =ROUND(SUMIF($B:$B,B15,P:P),3) -> 1 | W15: =ROUND(SUMIF($B:$B,B15,U:U),3) -> 0.969 | X15: =ROUND(W15/V15,2) -> 0.97 | Z15: =COUNTIF($B:$B,B15) -> 1
A16: 5 | B16: 429615 | C16: Đỗ Văn Chiển | D16: chiendv8@viettel,com,vn | E16: BU05 - Viễn thông | F16: DEV | G16: J | H16: DEV02 | I16: #REF! | J16: 2 | K16: 2024 | L16: 45323 | M16: 45351 | N16: 16 | O16: =N16/16 -> 1 | P16: =ROUND(IF(S16="ODC",1*O16,I16*O16),3) -> 1 | Q16: 0.90625 | S16: ODC | T16: BU05,VTCC,DMP | U16: =IF(AND(Q16>=1,S16="ODC"),P16,Q16) -> 0.90625 | V16: =ROUND(SUMIF($B:$B,B16,P:P),3) -> 1 | W16: =ROUND(SUMIF($B:$B,B16,U:U),3) -> 0.906 | X16: =ROUND(W16/V16,2) -> 0.91 | Z16: =COUNTIF($B:$B,B16) -> 1
A17: 6 | B17: 434700 | C17: Hoàng Minh Hiếu | D17: hieuhm12@viettel,com,vn | E17: BU05 - Viễn thông | F17: DEV | G17: J+ | H17: DEV03 | I17: #REF! | J17: 2 | K17: 2024 | L17: 45323 | M17: 45351 | N17: 16 | O17: =N17/16 -> 1 | P17: =ROUND(IF(S17="ODC",1*O17,I17*O17),3) -> 1 | Q17: 1 | S17: ODC | T17: BU05,VTCC,DMP | U17: =IF(AND(Q17>=1,S17="ODC"),P17,Q17) -> 1 | V17: =ROUND(SUMIF($B:$B,B17,P:P),3) -> 1 | W17: =ROUND(SUMIF($B:$B,B17,U:U),3) -> 1 | X17: =ROUND(W17/V17,2) -> 1 | Z17: =COUNTIF($B:$B,B17) -> 1
A18: 7 | B18: 292224 | C18: Lê Quang Duy | D18: duylq12@viettel,com,vn | E18: BU05 - Viễn thông | F18: DEV | G18: M | H18: DEV04 | I18: #REF! | J18: 2 | K18: 2024 | L18: 45323 | M18: 45351 | N18: 16 | O18: =N18/16 -> 1 | P18: =ROUND(IF(S18="ODC",1*O18,I18*O18),3) -> 1 | Q18: 1 | S18: ODC | T18: BU05,VTCC,DMP | U18: =IF(AND(Q18>=1,S18="ODC"),P18,Q18) -> 1 | V18: =ROUND(SUMIF($B:$B,B18,P:P),3) -> 1 | W18: =ROUND(SUMIF($B:$B,B18,U:U),3) -> 1 | X18: =ROUND(W18/V18,2) -> 1 | Z18: =COUNTIF($B:$B,B18) -> 1
A19: 8 | B19: 434397 | C19: Lê Thị Ngọc Huệ | D19: hueltn1@viettel,com,vn | E19: BU05 - Viễn thông | F19: BA | G19: M | H19: BA04 | I19: #REF! | J19: 2 | K19: 2024 | L19: 45323 | M19: 45351 | N19: 16 | O19: =N19/16 -> 1 | P19: =ROUND(IF(S19="ODC",1*O19,I19*O19),3) -> 1 | Q19: 1 | S19: ODC | T19: BU05,VTCC,DMP | U19: =IF(AND(Q19>=1,S19="ODC"),P19,Q19) -> 1 | V19: =ROUND(SUMIF($B:$B,B19,P:P),3) -> 1 | W19: =ROUND(SUMIF($B:$B,B19,U:U),3) -> 1 | X19: =ROUND(W19/V19,2) -> 1 | Z19: =COUNTIF($B:$B,B19) -> 1
A20: 9 | B20: 430051 | C20: Lê Văn Huân | D20: huanlv13@viettel,com,vn | E20: BU05 - Viễn thông | F20: DEV | G20: J+ | H20: DEV03 | I20: #REF! | J20: 2 | K20: 2024 | L20: 45323 | M20: 45351 | N20: 16 | O20: =N20/16 -> 1 | P20: =ROUND(IF(S20="ODC",1*O20,I20*O20),3) -> 1 | Q20: 0.84375 | S20: ODC | T20: BU05,VTCC,DMP | U20: =IF(AND(Q20>=1,S20="ODC"),P20,Q20) -> 0.84375 | V20: =ROUND(SUMIF($B:$B,B20,P:P),3) -> 1 | W20: =ROUND(SUMIF($B:$B,B20,U:U),3) -> 0.844 | X20: =ROUND(W20/V20,2) -> 0.84 | Z20: =COUNTIF($B:$B,B20) -> 1
A21: 10 | B21: 450263 | C21: Nghiêm Thị Hương Ly | D21: LYNTH14@VIETTEL,COM,VN | E21: BU05 - Viễn thông | F21: BA | G21: F | H21: BA01 | I21: #REF! | J21: 2 | K21: 2024 | L21: 45323 | M21: 45351 | N21: 16 | O21: =N21/16 -> 1 | P21: =ROUND(IF(S21="ODC",1*O21,I21*O21),3) -> 1 | Q21: 0.9375 | S21: ODC | T21: BU05,VTCC,DMP | U21: =IF(AND(Q21>=1,S21="ODC"),P21,Q21) -> 0.9375 | V21: =ROUND(SUMIF($B:$B,B21,P:P),3) -> 1 | W21: =ROUND(SUMIF($B:$B,B21,U:U),3) -> 0.938 | X21: =ROUND(W21/V21,2) -> 0.94 | Z21: =COUNTIF($B:$B,B21) -> 1
A22: 11 | B22: 291448 | C22: Nguyễn Gia Đăng | D22: dangng@viettel,com,vn | E22: BU05 - Viễn thông | F22: DEV | G22: M | H22: DEV04 | I22: #REF! | J22: 2 | K22: 2024 | L22: 45323 | M22: 45351 | N22: 16 | O22: =N22/16 -> 1 | P22: =ROUND(IF(S22="ODC",1*O22,I22*O22),3) -> 1 | Q22: 1 | S22: ODC | T22: BU05,VTCC,DMP | U22: =IF(AND(Q22>=1,S22="ODC"),P22,Q22) -> 1 | V22: =ROUND(SUMIF($B:$B,B22,P:P),3) -> 1 | W22: =ROUND(SUMIF($B:$B,B22,U:U),3) -> 1 | X22: =ROUND(W22/V22,2) -> 1 | Z22: =COUNTIF($B:$B,B22) -> 1
A23: 12 | B23: 447269 | C23: Nguyễn Việt Cường | D23: CUONGNV564@VIETTEL,COM,VN | E23: BU05 - Viễn thông | F23: DEV | G23: F | H23: DEV01 | I23: #REF! | J23: 2 | K23: 2024 | L23: 45323 | M23: 45351 | N23: 16 | O23: =N23/16 -> 1 | P23: =ROUND(IF(S23="ODC",1*O23,I23*O23),3) -> 1 | Q23: 1 | S23: ODC | T23: BU05,VTCC,DMP | U23: =IF(AND(Q23>=1,S23="ODC"),P23,Q23) -> 1 | V23: =ROUND(SUMIF($B:$B,B23,P:P),3) -> 1 | W23: =ROUND(SUMIF($B:$B,B23,U:U),3) -> 1 | X23: =ROUND(W23/V23,2) -> 1 | Z23: =COUNTIF($B:$B,B23) -> 1
A24: 13 | B24: 291971 | C24: Phạm Đăng Đô | D24: dopd@viettel,com,vn | E24: BU05 - Viễn thông | F24: DEV | G24: M+ | H24: DEV05 | I24: #REF! | J24: 2 | K24: 2024 | L24: 45323 | M24: 45351 | N24: 16 | O24: =N24/16 -> 1 | P24: =ROUND(IF(S24="ODC",1*O24,I24*O24),3) -> 1 | Q24: 0.875 | S24: ODC | T24: BU05,VTCC,DMP | U24: =IF(AND(Q24>=1,S24="ODC"),P24,Q24) -> 0.875 | V24: =ROUND(SUMIF($B:$B,B24,P:P),3) -> 1 | W24: =ROUND(SUMIF($B:$B,B24,U:U),3) -> 0.875 | X24: =ROUND(W24/V24,2) -> 0.88 | Z24: =COUNTIF($B:$B,B24) -> 1
A25: 14 | B25: 441051 | C25: Phạm Thúy Quỳnh | D25: quynhpt15@viettel,com,vn | E25: BU05 - Viễn thông | F25: DEV | G25: M | H25: DEV04 | I25: #REF! | J25: 2 | K25: 2024 | L25: 45323 | M25: 45351 | N25: 16 | O25: =N25/16 -> 1 | P25: =ROUND(IF(S25="ODC",1*O25,I25*O25),3) -> 1 | Q25: 0.8751 | S25: ODC | T25: BU05,VTCC,DMP | U25: =IF(AND(Q25>=1,S25="ODC"),P25,Q25) -> 0.8751 | V25: =ROUND(SUMIF($B:$B,B25,P:P),3) -> 1 | W25: =ROUND(SUMIF($B:$B,B25,U:U),3) -> 0.875 | X25: =ROUND(W25/V25,2) -> 0.88 | Z25: =COUNTIF($B:$B,B25) -> 1
A26: 15 | B26: 280784 | C26: Phan Chính Quân | D26: QUANPC2@VIETTEL,COM,VN | E26: BU05 - Viễn thông | F26: DEV | G26: M | H26: DEV04 | I26: #REF! | J26: 2 | K26: 2024 | L26: 45323 | M26: 45351 | N26: 16 | O26: =N26/16 -> 1 | P26: =ROUND(IF(S26="ODC",1*O26,I26*O26),3) -> 1 | Q26: 1 | S26: ODC | T26: BU05,VTCC,DMP | U26: =IF(AND(Q26>=1,S26="ODC"),P26,Q26) -> 1 | V26: =ROUND(SUMIF($B:$B,B26,P:P),3) -> 1 | W26: =ROUND(SUMIF($B:$B,B26,U:U),3) -> 1 | X26: =ROUND(W26/V26,2) -> 1 | Z26: =COUNTIF($B:$B,B26) -> 1
A27: 16 | B27: 292225 | C27: Đàm Quang Hiếu | D27: hieudq7@viettel,com,vn | E27: Phòng Quản lý dự án (PMO) | F27: PM | G27: junior | H27: PM02 | I27: #REF! | J27: 2 | K27: 2024 | L27: 45323 | M27: 45351 | N27: =0.15*16 -> 2.4 | O27: 0.15 | P27: =ROUND(IF(S27="ODC",1*O27,I27*O27),3) -> 0.15 | Q27: 0.2 | S27: ODC | T27: BU05,VTCC,DMP | U27: =IF(AND(Q27>=1,S27="ODC"),P27,Q27) -> 0.2 | V27: =ROUND(SUMIF($B:$B,B27,P:P),3) -> #VALUE! | W27: =ROUND(SUMIF($B:$B,B27,U:U),3) -> 1.25 | X27: =ROUND(W27/V27,2) -> #VALUE! | Z27: =COUNTIF($B:$B,B27) -> 5
A28: 17 | B28: 431982 | C28: Đặng Anh Tú | D28: tuda15@viettel,com,vn | E28: BU05 - Viễn thông | F28: DEV | G28: J+ | H28: DEV03 | I28: #REF! | J28: 2 | K28: 2024 | L28: 45323 | M28: 45351 | N28: 16 | O28: =N28/16 -> 1 | P28: =ROUND(IF(S28="ODC",1*O28,I28*O28),3) -> 1 | Q28: 0.9063 | S28: ODC | T28: BU05,VTCC,NNTN | U28: =IF(AND(Q28>=1,S28="ODC"),P28,Q28) -> 0.9063 | V28: =ROUND(SUMIF($B:$B,B28,P:P),3) -> 1 | W28: =ROUND(SUMIF($B:$B,B28,U:U),3) -> 0.906 | X28: =ROUND(W28/V28,2) -> 0.91 | Z28: =COUNTIF($B:$B,B28) -> 1
A29: 18 | B29: 292735 | C29: Hoàng Thanh Sơn | D29: sonht19@viettel,com,vn | E29: BU05 - Viễn thông | F29: DEV | G29: J+ | H29: DEV03 | I29: #REF! | J29: 2 | K29: 2024 | L29: 45323 | M29: 45351 | N29: 16 | O29: =N29/16 -> 1 | P29: =ROUND(IF(S29="ODC",1*O29,I29*O29),3) -> 1 | Q29: 1 | S29: ODC | T29: BU05,VTCC,NNTN | U29: =IF(AND(Q29>=1,S29="ODC"),P29,Q29) -> 1 | V29: =ROUND(SUMIF($B:$B,B29,P:P),3) -> 1 | W29: =ROUND(SUMIF($B:$B,B29,U:U),3) -> 1 | X29: =ROUND(W29/V29,2) -> 1 | Z29: =COUNTIF($B:$B,B29) -> 1
A30: 19 | B30: 440480 | C30: Lê Phi Hùng | D30: hunglp9@viettel,com,vn | E30: BU05 - Viễn thông | F30: DEV | G30: J+ | H30: DEV03 | I30: #REF! | J30: 2 | K30: 2024 | L30: 45323 | M30: 45351 | N30: 16 | O30: =N30/16 -> 1 | P30: =ROUND(IF(S30="ODC",1*O30,I30*O30),3) -> 1 | Q30: 1 | S30: ODC | T30: BU05,VTCC,NNTN | U30: =IF(AND(Q30>=1,S30="ODC"),P30,Q30) -> 1 | V30: =ROUND(SUMIF($B:$B,B30,P:P),3) -> 1 | W30: =ROUND(SUMIF($B:$B,B30,U:U),3) -> 1 | X30: =ROUND(W30/V30,2) -> 1 | Z30: =COUNTIF($B:$B,B30) -> 1
A31: 20 | B31: 454819 | C31: Lê Thành Tâm | D31: TAMLT37@VIETTEL,COM,VN | E31: BU05 - Viễn thông | F31: DEV | G31: J | H31: DEV02 | I31: #REF! | J31: 2 | K31: 2024 | L31: 45323 | M31: 45351 | N31: 16 | O31: =N31/16 -> 1 | P31: =ROUND(IF(S31="ODC",1*O31,I31*O31),3) -> 1 | Q31: 0.8438 | S31: ODC | T31: BU05,VTCC,NNTN | U31: =IF(AND(Q31>=1,S31="ODC"),P31,Q31) -> 0.8438 | V31: =ROUND(SUMIF($B:$B,B31,P:P),3) -> 1 | W31: =ROUND(SUMIF($B:$B,B31,U:U),3) -> 0.844 | X31: =ROUND(W31/V31,2) -> 0.84 | Z31: =COUNTIF($B:$B,B31) -> 1
A32: 21 | B32: 432138 | C32: Nguyễn Văn Đồi | D32: doinv1@viettel,com,vn | E32: BU05 - Viễn thông | F32: DEV | G32: M | H32: DEV04 | I32: #REF! | J32: 2 | K32: 2024 | L32: 45323 | M32: 45351 | N32: 16 | O32: =N32/16 -> 1 | P32: =ROUND(IF(S32="ODC",1*O32,I32*O32),3) -> 1 | Q32: 1 | S32: ODC | T32: BU05,VTCC,NNTN | U32: =IF(AND(Q32>=1,S32="ODC"),P32,Q32) -> 1 | V32: =ROUND(SUMIF($B:$B,B32,P:P),3) -> 1 | W32: =ROUND(SUMIF($B:$B,B32,U:U),3) -> 1 | X32: =ROUND(W32/V32,2) -> 1 | Z32: =COUNTIF($B:$B,B32) -> 1
A33: 22 | B33: 457039 | C33: Nguyễn Văn Nghiệp | D33: NGHIEPNV3@VIETTEL,COM,VN | E33: BU05 - Viễn thông | F33: DEV | G33: J+ | H33: DEV03 | I33: #REF! | J33: 2 | K33: 2024 | L33: 45323 | M33: 45351 | N33: 16 | O33: =N33/16 -> 1 | P33: =ROUND(IF(S33="ODC",1*O33,I33*O33),3) -> 1 | Q33: 1 | S33: ODC | T33: BU05,VTCC,NNTN | U33: =IF(AND(Q33>=1,S33="ODC"),P33,Q33) -> 1 | V33: =ROUND(SUMIF($B:$B,B33,P:P),3) -> 1 | W33: =ROUND(SUMIF($B:$B,B33,U:U),3) -> 1 | X33: =ROUND(W33/V33,2) -> 1 | Z33: =COUNTIF($B:$B,B33) -> 1
A34: 23 | B34: 458699 | C34: Nguyễn Xuân Lộc | D34: locnx7@viettel,com,vn | E34: BU05 - Viễn thông | F34: Dev | G34: J | H34: Dev02 | I34: #REF! | J34: 2 | K34: 2024 | L34: 45323 | M34: 45351 | N34: 16 | O34: =N34/16 -> 1 | P34: =ROUND(IF(S34="ODC",1*O34,I34*O34),3) -> 1 | Q34: 0.9375 | S34: ODC | T34: BU05,VTCC,NNTN | U34: =IF(AND(Q34>=1,S34="ODC"),P34,Q34) -> 0.9375 | V34: =ROUND(SUMIF($B:$B,B34,P:P),3) -> 1 | W34: =ROUND(SUMIF($B:$B,B34,U:U),3) -> 0.938 | X34: =ROUND(W34/V34,2) -> 0.94 | Z34: =COUNTIF($B:$B,B34) -> 1
A35: 24 | B35: 430417 | C35: Phạm Văn Oánh | D35: oanhpv@viettel,com,vn | E35: BU05 - Viễn thông | F35: DEV | G35: M | H35: DEV04 | I35: #REF! | J35: 2 | K35: 2024 | L35: 45323 | M35: 45351 | N35: 16 | O35: =N35/16 -> 1 | P35: =ROUND(IF(S35="ODC",1*O35,I35*O35),3) -> 1 | Q35: 1 | S35: ODC | T35: BU05,VTCC,NNTN | U35: =IF(AND(Q35>=1,S35="ODC"),P35,Q35) -> 1 | V35: =ROUND(SUMIF($B:$B,B35,P:P),3) -> 1 | W35: =ROUND(SUMIF($B:$B,B35,U:U),3) -> 1 | X35: =ROUND(W35/V35,2) -> 1 | Z35: =COUNTIF($B:$B,B35) -> 1
A36: 25 | B36: 448599 | C36: Phí Đức Huy | D36: HUYPD8@VIETTEL,COM,VN | E36: BU05 - Viễn thông | F36: DEV | G36: J | H36: DEV02 | I36: #REF! | J36: 2 | K36: 2024 | L36: 45323 | M36: 45351 | N36: 16 | O36: =N36/16 -> 1 | P36: =ROUND(IF(S36="ODC",1*O36,I36*O36),3) -> 1 | Q36: 1 | S36: ODC | T36: BU05,VTCC,NNTN | U36: =IF(AND(Q36>=1,S36="ODC"),P36,Q36) -> 1 | V36: =ROUND(SUMIF($B:$B,B36,P:P),3) -> 1 | W36: =ROUND(SUMIF($B:$B,B36,U:U),3) -> 1 | X36: =ROUND(W36/V36,2) -> 1 | Z36: =COUNTIF($B:$B,B36) -> 1
A37: 26 | B37: 453665 | C37: Trần Duy Tùng | D37: TUNGTD18@VIETTEL,COM,VN | E37: BU05 - Viễn thông | F37: DEV | G37: J | H37: DEV02 | I37: #REF! | J37: 2 | K37: 2024 | L37: 45323 | M37: 45351 | N37: 16 | O37: =N37/16 -> 1 | P37: =ROUND(IF(S37="ODC",1*O37,I37*O37),3) -> 1 | Q37: 0.9688 | S37: ODC | T37: BU05,VTCC,NNTN | U37: =IF(AND(Q37>=1,S37="ODC"),P37,Q37) -> 0.9688 | V37: =ROUND(SUMIF($B:$B,B37,P:P),3) -> 1 | W37: =ROUND(SUMIF($B:$B,B37,U:U),3) -> 0.969 | X37: =ROUND(W37/V37,2) -> 0.97 | Z37: =COUNTIF($B:$B,B37) -> 1
A38: 27 | B38: 448397 | C38: Trần Ngọc Hùng | D38: HUNGTN24@VIETTEL,COM,VN | E38: BU05 - Viễn thông | F38: DEV | G38: J+ | H38: DEV03 | I38: #REF! | J38: 2 | K38: 2024 | L38: 45323 | M38: 45351 | N38: 16 | O38: =N38/16 -> 1 | P38: =ROUND(IF(S38="ODC",1*O38,I38*O38),3) -> 1 | Q38: 1 | S38: ODC | T38: BU05,VTCC,NNTN | U38: =IF(AND(Q38>=1,S38="ODC"),P38,Q38) -> 1 | V38: =ROUND(SUMIF($B:$B,B38,P:P),3) -> 1 | W38: =ROUND(SUMIF($B:$B,B38,U:U),3) -> 1 | X38: =ROUND(W38/V38,2) -> 1 | Z38: =COUNTIF($B:$B,B38) -> 1
A39: 28 | B39: 453935 | C39: Trần Quang Vịnh | D39: VINHTQ26@VIETTEL,COM,VN | E39: BU05 - Viễn thông | F39: DEV | G39: J | H39: DEV02 | I39: #REF! | J39: 2 | K39: 2024 | L39: 45323 | M39: 45351 | N39: 16 | O39: =N39/16 -> 1 | P39: =ROUND(IF(S39="ODC",1*O39,I39*O39),3) -> 1 | Q39: 0.875 | S39: ODC | T39: BU05,VTCC,NNTN | U39: =IF(AND(Q39>=1,S39="ODC"),P39,Q39) -> 0.875 | V39: =ROUND(SUMIF($B:$B,B39,P:P),3) -> 1 | W39: =ROUND(SUMIF($B:$B,B39,U:U),3) -> 0.875 | X39: =ROUND(W39/V39,2) -> 0.88 | Z39: =COUNTIF($B:$B,B39) -> 1
A40: 29 | B40: 292225 | C40: Đàm Quang Hiếu | D40: hieudq7@viettel,com,vn | E40: Phòng Quản lý dự án (PMO) | F40: PM | G40: junior | H40: PM02 | I40: #REF! | J40: 2 | K40: 2024 | L40: 45323 | M40: 45351 | N40: =0.1*16 -> 1.6 | O40: 0.1 | P40: =ROUND(IF(S40="ODC",1*O40,I40*O40),3) -> 0.1 | Q40: 0.1 | S40: ODC | T40: BU05,VTCC,NNTN | U40: =IF(AND(Q40>=1,S40="ODC"),P40,Q40) -> 0.1 | V40: =ROUND(SUMIF($B:$B,B40,P:P),3) -> #VALUE! | W40: =ROUND(SUMIF($B:$B,B40,U:U),3) -> 1.25 | X40: =ROUND(W40/V40,2) -> #VALUE! | Z40: =COUNTIF($B:$B,B40) -> 5
A41: 30 | B41: 439830 | C41: Nguyễn Trung Kiên | D41: kiennt96@viettel,com,vn | E41: BU05 - Viễn thông | F41: DEV | G41: J | H41: DEV02 | I41: #REF! | J41: 2 | K41: 2024 | L41: 45323 | M41: 45351 | N41: 16 | O41: =N41/16 -> 1 | P41: =ROUND(IF(S41="ODC",1*O41,I41*O41),3) -> 1 | Q41: 0.9063 | S41: ODC | T41: BU05,VTCC,eKYC | U41: =IF(AND(Q41>=1,S41="ODC"),P41,Q41) -> 0.9063 | V41: =ROUND(SUMIF($B:$B,B41,P:P),3) -> 1 | W41: =ROUND(SUMIF($B:$B,B41,U:U),3) -> 0.906 | X41: =ROUND(W41/V41,2) -> 0.91 | Z41: =COUNTIF($B:$B,B41) -> 1
A42: 31 | B42: 450261 | C42: Trần Việt Huy | D42: VIETTH6@VIETTEL,COM,VN | E42: BU05 - Viễn thông | F42: DEV | G42: J | H42: DEV02 | I42: #REF! | J42: 2 | K42: 2024 | L42: 45323 | M42: 45351 | N42: 16 | O42: =N42/16 -> 1 | P42: =ROUND(IF(S42="ODC",1*O42,I42*O42),3) -> 1 | Q42: 1 | S42: ODC | T42: BU05,VTCC,eKYC | U42: =IF(AND(Q42>=1,S42="ODC"),P42,Q42) -> 1 | V42: =ROUND(SUMIF($B:$B,B42,P:P),3) -> 1 | W42: =ROUND(SUMIF($B:$B,B42,U:U),3) -> 1 | X42: =ROUND(W42/V42,2) -> 1 | Z42: =COUNTIF($B:$B,B42) -> 1
A43: 32 | B43: 452883 | C43: Đinh Tuấn Thanh | D43: thanhdt49@viettel,com,vn | E43: BU05 - Viễn thông | F43: DEV | G43: J+ | H43: DEV03 | I43: #REF! | J43: 2 | K43: 2024 | L43: 45323 | M43: 45351 | N43: 16 | O43: =N43/16 -> 1 | P43: =ROUND(IF(S43="ODC",1*O43,I43*O43),3) -> 1 | Q43: 0.87 | S43: ODC | T43: BU05,VTCC,eKYC | U43: =IF(AND(Q43>=1,S43="ODC"),P43,Q43) -> 0.87 | V43: =ROUND(SUMIF($B:$B,B43,P:P),3) -> 1 | W43: =ROUND(SUMIF($B:$B,B43,U:U),3) -> 0.87 | X43: =ROUND(W43/V43,2) -> 0.87 | Z43: =COUNTIF($B:$B,B43) -> 1
A44: 33 | B44: 454813 | C44: Phan Văn Hoàn | D44: hoanpv7@viettel,com,vn | E44: BU05 - Viễn thông | F44: DEV | G44: M | H44: DEV04 | I44: #REF! | J44: 2 | K44: 2024 | L44: 45323 | M44: 45351 | N44: 16 | O44: =N44/16 -> 1 | P44: =ROUND(IF(S44="ODC",1*O44,I44*O44),3) -> 1 | Q44: 1 | S44: ODC | T44: BU05,VTCC,eKYC | U44: =IF(AND(Q44>=1,S44="ODC"),P44,Q44) -> 1 | V44: =ROUND(SUMIF($B:$B,B44,P:P),3) -> 1 | W44: =ROUND(SUMIF($B:$B,B44,U:U),3) -> 1 | X44: =ROUND(W44/V44,2) -> 1 | Z44: =COUNTIF($B:$B,B44) -> 1
A45: 34 | B45: 429193 | C45: Phạm Tuấn Anh | D45: anhpt170@viettel,com,vn | E45: BU05 - Viễn thông | F45: DEV | G45: M | H45: DEV04 | I45: #REF! | J45: 2 | K45: 2024 | L45: 45323 | M45: 45351 | N45: 16 | O45: =N45/16 -> 1 | P45: =ROUND(IF(S45="ODC",1*O45,I45*O45),3) -> 1 | Q45: 1 | S45: ODC | T45: BU05,VTCC,eKYC | U45: =IF(AND(Q45>=1,S45="ODC"),P45,Q45) -> 1 | V45: =ROUND(SUMIF($B:$B,B45,P:P),3) -> 1 | W45: =ROUND(SUMIF($B:$B,B45,U:U),3) -> 1 | X45: =ROUND(W45/V45,2) -> 1 | Z45: =COUNTIF($B:$B,B45) -> 1
A46: 35 | B46: 292225 | C46: Đàm Quang Hiếu | D46: hieudq7@viettel,com,vn | E46: Phòng Quản lý dự án (PMO) | F46: PM | G46: junior | H46: PM02 | I46: #REF! | J46: 2 | K46: 2024 | L46: 45323 | M46: 45351 | N46: =0.05*16 -> 0.8 | O46: 0.05 | P46: =ROUND(IF(S46="ODC",1*O46,I46*O46),3) -> 0.05 | Q46: 0.1 | S46: ODC | T46: BU05,VTCC,eKYC | U46: =IF(AND(Q46>=1,S46="ODC"),P46,Q46) -> 0.1 | V46: =ROUND(SUMIF($B:$B,B46,P:P),3) -> #VALUE! | W46: =ROUND(SUMIF($B:$B,B46,U:U),3) -> 1.25 | X46: =ROUND(W46/V46,2) -> #VALUE! | Z46: =COUNTIF($B:$B,B46) -> 5
A47: 36 | B47: 283549 | C47: Dương Thị Hoài | D47: hoaidt10@viettel,com,vn | E47: BU05 - Viễn thông | F47: BA | G47: middle | H47: BA04 | I47: #REF! | J47: 2 | K47: 2024 | L47: 45323 | M47: 45351 | N47: 16 | O47: 1 | P47: =ROUND(IF(S47="ODC",1*O47,I47*O47),3) -> #VALUE! | Q47: 1.35 | S47: NOT ODC | T47: BU05,VTT,MyViettel | U47: =IF(AND(Q47>=1,S47="ODC"),P47,Q47) -> 1.35 | V47: =ROUND(SUMIF($B:$B,B47,P:P),3) -> #VALUE! | W47: =ROUND(SUMIF($B:$B,B47,U:U),3) -> 1.35 | X47: =ROUND(W47/V47,2) -> #VALUE! | Z47: =COUNTIF($B:$B,B47) -> 1
A48: 37 | B48: 284324 | C48: Nguyễn Văn Huy | D48: huynv55@viettel,com,vn | E48: BU05 - Viễn thông | F48: DEV | G48: junior | H48: DEV02 | I48: #REF! | J48: 2 | K48: 2024 | L48: 45323 | M48: 45342 | N48: 9 | O48: =N48/16 -> 0.5625 | P48: =ROUND(IF(S48="ODC",1*O48,I48*O48),3) -> #VALUE! | Q48: 0.5 | S48: NOT ODC | T48: BU05,VTT,MyViettel | U48: =IF(AND(Q48>=1,S48="ODC"),P48,Q48) -> 0.5 | V48: =ROUND(SUMIF($B:$B,B48,P:P),3) -> #VALUE! | W48: =ROUND(SUMIF($B:$B,B48,U:U),3) -> 0.5 | X48: =ROUND(W48/V48,2) -> #VALUE! | Z48: =COUNTIF($B:$B,B48) -> 1
A49: 38 | B49: 292225 | C49: Đàm Quang Hiếu | D49: hieudq7@viettel,com,vn | E49: Phòng Quản lý dự án (PMO) | F49: PM | G49: junior | H49: PM02 | I49: #REF! | J49: 2 | K49: 2024 | L49: 45323 | M49: 45351 | N49: 10.4 | O49: 0.65 | P49: =ROUND(IF(S49="ODC",1*O49,I49*O49),3) -> #VALUE! | Q49: 0.65 | S49: NOT ODC | T49: BU05,VTT,MyViettel | U49: =IF(AND(Q49>=1,S49="ODC"),P49,Q49) -> 0.65 | V49: =ROUND(SUMIF($B:$B,B49,P:P),3) -> #VALUE! | W49: =ROUND(SUMIF($B:$B,B49,U:U),3) -> 1.25 | X49: =ROUND(W49/V49,2) -> #VALUE! | Z49: =COUNTIF($B:$B,B49) -> 5
A50: 39 | B50: 293936 | C50: Nguyễn Khắc Tuấn | D50: tuannk6@viettel,com,vn | E50: BU05 - Viễn thông | F50: DEV | G50: junior | H50: DEV02 | I50: #REF! | J50: 2 | K50: 2024 | L50: 45323 | M50: 45351 | N50: 16 | O50: 1 | P50: =ROUND(IF(S50="ODC",1*O50,I50*O50),3) -> #VALUE! | Q50: 0.83 | S50: NOT ODC | T50: BU05,VTT,MyViettel | U50: =IF(AND(Q50>=1,S50="ODC"),P50,Q50) -> 0.83 | V50: =ROUND(SUMIF($B:$B,B50,P:P),3) -> #VALUE! | W50: =ROUND(SUMIF($B:$B,B50,U:U),3) -> 0.83 | X50: =ROUND(W50/V50,2) -> #VALUE! | Z50: =COUNTIF($B:$B,B50) -> 1
A51: 40 | B51: 293942 | C51: Hà Thanh Dung | D51: dunght41@viettel,com,vn | E51: BU05 - Viễn thông | F51: TESTER | G51: junior | H51: TESTER02 | I51: #REF! | J51: 2 | K51: 2024 | L51: 45323 | M51: 45351 | N51: 16 | O51: 1 | P51: =ROUND(IF(S51="ODC",1*O51,I51*O51),3) -> #VALUE! | Q51: 0.72 | S51: NOT ODC | T51: BU05,VTT,MyViettel | U51: =IF(AND(Q51>=1,S51="ODC"),P51,Q51) -> 0.72 | V51: =ROUND(SUMIF($B:$B,B51,P:P),3) -> #VALUE! | W51: =ROUND(SUMIF($B:$B,B51,U:U),3) -> 0.72 | X51: =ROUND(W51/V51,2) -> #VALUE! | Z51: =COUNTIF($B:$B,B51) -> 1
A52: 41 | B52: 430414 | C52: Bùi Đức Thành | D52: thanhbd11@viettel,com,vn | E52: BU05 - Viễn thông | F52: DEV | G52: middle | H52: DEV04 | I52: #REF! | J52: 2 | K52: 2024 | L52: 45323 | M52: 45351 | N52: 16 | O52: 1 | P52: =ROUND(IF(S52="ODC",1*O52,I52*O52),3) -> #VALUE! | Q52: 1.32 | S52: NOT ODC | T52: BU05,VTT,MyViettel | U52: =IF(AND(Q52>=1,S52="ODC"),P52,Q52) -> 1.32 | V52: =ROUND(SUMIF($B:$B,B52,P:P),3) -> #VALUE! | W52: =ROUND(SUMIF($B:$B,B52,U:U),3) -> 1.32 | X52: =ROUND(W52/V52,2) -> #VALUE! | Z52: =COUNTIF($B:$B,B52) -> 1
A53: 42 | B53: 430053 | C53: Nguyễn Anh Tuấn | D53: tuanna151@viettel,com,vn | E53: BU05 - Viễn thông | F53: DEV | G53: middle | H53: DEV04 | I53: #REF! | J53: 2 | K53: 2024 | L53: 45323 | M53: 45344 | N53: 11 | O53: 0.6885 | P53: =ROUND(IF(S53="ODC",1*O53,I53*O53),3) -> #VALUE! | Q53: 0.7 | S53: NOT ODC | T53: BU05,VTT,MyViettel | U53: =IF(AND(Q53>=1,S53="ODC"),P53,Q53) -> 0.7 | V53: =ROUND(SUMIF($B:$B,B53,P:P),3) -> #VALUE! | W53: =ROUND(SUMIF($B:$B,B53,U:U),3) -> 1 | X53: =ROUND(W53/V53,2) -> #VALUE! | Z53: =COUNTIF($B:$B,B53) -> 2
A54: 43 | B54: 431709 | C54: Nguyễn Văn Trường | D54: truongnv51@viettel,com,vn | E54: BU05 - Viễn thông | F54: DEV | G54: middle+ | H54: DEV05 | I54: #REF! | J54: 2 | K54: 2024 | L54: 45323 | M54: 45351 | N54: 16 | O54: 1 | P54: =ROUND(IF(S54="ODC",1*O54,I54*O54),3) -> #VALUE! | Q54: 1.63 | S54: NOT ODC | T54: BU05,VTT,MyViettel | U54: =IF(AND(Q54>=1,S54="ODC"),P54,Q54) -> 1.63 | V54: =ROUND(SUMIF($B:$B,B54,P:P),3) -> #VALUE! | W54: =ROUND(SUMIF($B:$B,B54,U:U),3) -> 1.63 | X54: =ROUND(W54/V54,2) -> #VALUE! | Z54: =COUNTIF($B:$B,B54) -> 1
A55: 44 | B55: 277692 | C55: Nguyễn Thị Hồng | D55: hongnt115@viettel,com,vn | E55: BU05 - Viễn thông | F55: TESTER | G55: junior+ | H55: TESTER03 | I55: #REF! | J55: 2 | K55: 2024 | L55: 45323 | M55: 45351 | N55: 16 | O55: 1 | P55: =ROUND(IF(S55="ODC",1*O55,I55*O55),3) -> #VALUE! | Q55: 0.95 | S55: NOT ODC | T55: BU05,VTT,MyViettel | U55: =IF(AND(Q55>=1,S55="ODC"),P55,Q55) -> 0.95 | V55: =ROUND(SUMIF($B:$B,B55,P:P),3) -> #VALUE! | W55: =ROUND(SUMIF($B:$B,B55,U:U),3) -> 0.95 | X55: =ROUND(W55/V55,2) -> #VALUE! | Z55: =COUNTIF($B:$B,B55) -> 1
A56: 45 | B56: 435279 | C56: Nguyễn Quỳnh Mai | D56: mainq@viettel,com,vn | E56: BU05 - Viễn thông | F56: DEV | G56: fresher | H56: DEV01 | I56: #REF! | J56: 2 | K56: 2024 | L56: 45323 | M56: 45351 | N56: 16 | O56: 1 | P56: =ROUND(IF(S56="ODC",1*O56,I56*O56),3) -> #VALUE! | Q56: 0.5 | S56: NOT ODC | T56: BU05,VTT,MyViettel | U56: =IF(AND(Q56>=1,S56="ODC"),P56,Q56) -> 0.5 | V56: =ROUND(SUMIF($B:$B,B56,P:P),3) -> #VALUE! | W56: =ROUND(SUMIF($B:$B,B56,U:U),3) -> 0.5 | X56: =ROUND(W56/V56,2) -> #VALUE! | Z56: =COUNTIF($B:$B,B56) -> 1
A57: 46 | B57: 454803 | C57: Bùi Thị Bích Nguyệt | D57: nguyetbtb@viettel,com,vn | E57: BU05 - Viễn thông | F57: TESTER | G57: junior | H57: TESTER02 | I57: #REF! | J57: 2 | K57: 2024 | L57: 45323 | M57: 45351 | N57: 16 | O57: 1 | P57: =ROUND(IF(S57="ODC",1*O57,I57*O57),3) -> #VALUE! | Q57: 0.76 | S57: NOT ODC | T57: BU05,VTT,MyViettel | U57: =IF(AND(Q57>=1,S57="ODC"),P57,Q57) -> 0.76 | V57: =ROUND(SUMIF($B:$B,B57,P:P),3) -> #VALUE! | W57: =ROUND(SUMIF($B:$B,B57,U:U),3) -> 0.76 | X57: =ROUND(W57/V57,2) -> #VALUE! | Z57: =COUNTIF($B:$B,B57) -> 1
A58: 47 | B58: 458927 | C58: Nguyễn Nhật Long | D58: longnn22@viettel,com,vn | E58: BU05 - Viễn thông | F58: DEV | G58: middle+ | H58: DEV05 | I58: #REF! | J58: 2 | K58: 2024 | L58: 45323 | M58: 45335 | N58: 5 | O58: 0.3125 | P58: =ROUND(IF(S58="ODC",1*O58,I58*O58),3) -> #VALUE! | Q58: 0.3 | S58: NOT ODC | T58: BU05,VTT,MyViettel | U58: =IF(AND(Q58>=1,S58="ODC"),P58,Q58) -> 0.3 | V58: =ROUND(SUMIF($B:$B,B58,P:P),3) -> #VALUE! | W58: =ROUND(SUMIF($B:$B,B58,U:U),3) -> 1.695 | X58: =ROUND(W58/V58,2) -> #VALUE! | Z58: =COUNTIF($B:$B,B58) -> 2
A59: 48 | B59: 460549 | C59: Phan Văn Phú | D59: phupv7@viettel,com,vn | E59: BU05 - Viễn thông | F59: DEV | G59: M | H59: DEV04 | I59: #REF! | J59: 2 | K59: 2024 | L59: 45323 | M59: 45344 | N59: 11 | O59: =N59/16 -> 0.6875 | P59: =ROUND(IF(S59="ODC",1*O59,I59*O59),3) -> #VALUE! | Q59: 0.5 | S59: NOT ODC | T59: BU05,VTT,MyViettel | U59: =IF(AND(Q59>=1,S59="ODC"),P59,Q59) -> 0.5 | V59: =ROUND(SUMIF($B:$B,B59,P:P),3) -> #VALUE! | W59: =ROUND(SUMIF($B:$B,B59,U:U),3) -> 0.81 | X59: =ROUND(W59/V59,2) -> #VALUE! | Z59: =COUNTIF($B:$B,B59) -> 2
A60: 49 | B60: 433095 | C60: Đinh Thị Nhung | D60: nhungdt34@viettel,com,vn | E60: BU05 - Viễn thông | F60: TESTER | G60: M | H60: TESTER04 | I60: #REF! | J60: 2 | K60: 2024 | L60: 45348 | M60: 45351 | N60: 4 | O60: =4/16 -> 0.25 | P60: =ROUND(IF(S60="ODC",1*O60,I60*O60),3) -> #VALUE! | Q60: 0.3 | S60: NOT ODC | T60: BU05,VTT,MyViettel | U60: =IF(AND(Q60>=1,S60="ODC"),P60,Q60) -> 0.3 | V60: =ROUND(SUMIF($B:$B,B60,P:P),3) -> #VALUE! | W60: =ROUND(SUMIF($B:$B,B60,U:U),3) -> 0.3 | X60: =ROUND(W60/V60,2) -> #VALUE! | Z60: =COUNTIF($B:$B,B60) -> 1
A61: 50 | B61: 292225 | C61: Đàm Quang Hiếu | D61: hieudq7@viettel,com,vn | E61: Phòng Quản lý dự án (PMO) | F61: PM | G61: junior | H61: PM02 | I61: #REF! | J61: 2 | K61: 2024 | L61: 45323 | M61: 45351 | N61: 16 | O61: 0.05 | P61: =ROUND(IF(S61="ODC",1*O61,I61*O61),3) -> 0.05 | Q61: 0.2 | S61: ODC | T61: BU05,VTT,MyViettel,Insource | U61: =IF(AND(Q61>=1,S61="ODC"),P61,Q61) -> 0.2 | V61: =ROUND(SUMIF($B:$B,B61,P:P),3) -> #VALUE! | W61: =ROUND(SUMIF($B:$B,B61,U:U),3) -> 1.25 | X61: =ROUND(W61/V61,2) -> #VALUE! | Z61: =COUNTIF($B:$B,B61) -> 5
A62: 51 | B62: 427027 | C62: Trần Thị Vân | D62: vantt36@viettel,com,vn | E62: BU05 - Viễn thông | F62: TESTER | G62: middle+ | H62: TESTER05 | I62: #REF! | J62: 2 | K62: 2024 | L62: 45323 | M62: 45351 | N62: 16 | O62: 1 | P62: =ROUND(IF(S62="ODC",1*O62,I62*O62),3) -> 1 | Q62: 1 | S62: ODC | T62: BU05,VTT,MyViettel,Insource | U62: =IF(AND(Q62>=1,S62="ODC"),P62,Q62) -> 1 | V62: =ROUND(SUMIF($B:$B,B62,P:P),3) -> 1 | W62: =ROUND(SUMIF($B:$B,B62,U:U),3) -> 1 | X62: =ROUND(W62/V62,2) -> 1 | Z62: =COUNTIF($B:$B,B62) -> 1
A63: 52 | B63: 428982 | C63: Phan Thị Hoài Thanh | D63: thanhpth4@viettel,com,vn | E63: BU05 - Viễn thông | F63: TESTER | G63: junior+ | H63: TESTER03 | I63: #REF! | J63: 2 | K63: 2024 | L63: 45323 | M63: 45351 | N63: 16 | O63: 1 | P63: =ROUND(IF(S63="ODC",1*O63,I63*O63),3) -> 1 | Q63: 1 | S63: ODC | T63: BU05,VTT,MyViettel,Insource | U63: =IF(AND(Q63>=1,S63="ODC"),P63,Q63) -> 1 | V63: =ROUND(SUMIF($B:$B,B63,P:P),3) -> 1 | W63: =ROUND(SUMIF($B:$B,B63,U:U),3) -> 1 | X63: =ROUND(W63/V63,2) -> 1 | Z63: =COUNTIF($B:$B,B63) -> 1
A64: 53 | B64: 449443 | C64: Phạm Thị Phương Anh | D64: anhptp5@viettel,com,vn | E64: BU05 - Viễn thông | F64: TESTER | G64: junior+ | H64: TESTER03 | I64: #REF! | J64: 2 | K64: 2024 | L64: 45323 | M64: 45351 | N64: 16 | O64: 1 | P64: =ROUND(IF(S64="ODC",1*O64,I64*O64),3) -> 1 | Q64: 1 | S64: ODC | T64: BU05,VTT,MyViettel,Insource | U64: =IF(AND(Q64>=1,S64="ODC"),P64,Q64) -> 1 | V64: =ROUND(SUMIF($B:$B,B64,P:P),3) -> 1 | W64: =ROUND(SUMIF($B:$B,B64,U:U),3) -> 1 | X64: =ROUND(W64/V64,2) -> 1 | Z64: =COUNTIF($B:$B,B64) -> 1
A65: 54 | B65: 447257 | C65: Đỗ Thủy Cầm | D65: camdt1@viettel,com,vn | E65: BU05 - Viễn thông | F65: TESTER | G65: junior | H65: TESTER02 | I65: #REF! | J65: 2 | K65: 2024 | L65: 45323 | M65: 45351 | N65: 16 | O65: 1 | P65: =ROUND(IF(S65="ODC",1*O65,I65*O65),3) -> 1 | Q65: 1 | S65: ODC | T65: BU05,VTT,MyViettel,Insource | U65: =IF(AND(Q65>=1,S65="ODC"),P65,Q65) -> 1 | V65: =ROUND(SUMIF($B:$B,B65,P:P),3) -> 1 | W65: =ROUND(SUMIF($B:$B,B65,U:U),3) -> 1 | X65: =ROUND(W65/V65,2) -> 1 | Z65: =COUNTIF($B:$B,B65) -> 1
A66: 55 | B66: 457053 | C66: Nguyễn Thị Hiền | D66: hiennt206@viettel,com,vn | E66: BU05 - Viễn thông | F66: TESTER | G66: junior | H66: TESTER02 | I66: #REF! | J66: 2 | K66: 2024 | L66: 45323 | M66: 45351 | N66: 16 | O66: 1 | P66: =ROUND(IF(S66="ODC",1*O66,I66*O66),3) -> 1 | Q66: 1 | S66: ODC | T66: BU05,VTT,MyViettel,Insource | U66: =IF(AND(Q66>=1,S66="ODC"),P66,Q66) -> 1 | V66: =ROUND(SUMIF($B:$B,B66,P:P),3) -> 1 | W66: =ROUND(SUMIF($B:$B,B66,U:U),3) -> 1 | X66: =ROUND(W66/V66,2) -> 1 | Z66: =COUNTIF($B:$B,B66) -> 1
A67: 56 | B67: 441899 | C67: Phạm Hồng Nhung | D67: nhungph2@viettel,com,vn | E67: BU05 - Viễn thông | F67: TESTER | G67: M | H67: TESTER04 | I67: #REF! | J67: 2 | K67: 2024 | L67: 45323 | M67: 45351 | N67: =NETWORKDAYS(L67,M67)-5 -> 16 | O67: 1 | P67: =ROUND(IF(S67="ODC",1*O67,I67*O67),3) -> #VALUE! | Q67: 1.55 | S67: NOT ODC | T67: BU05,VTT,VAS | U67: =IF(AND(Q67>=1,S67="ODC"),P67,Q67) -> 1.55 | V67: =ROUND(SUMIF($B:$B,B67,P:P),3) -> #VALUE! | W67: =ROUND(SUMIF($B:$B,B67,U:U),3) -> 1.55 | X67: =ROUND(W67/V67,2) -> #VALUE! | Z67: =COUNTIF($B:$B,B67) -> 1
A68: 57 | B68: 262581 | C68: Đào Minh Tùng | D68: tungdm7@viettel,com,vn | E68: BU05 - Viễn thông | F68: DEV | G68: M | H68: DEV04 | I68: #REF! | J68: 2 | K68: 2024 | L68: 45323 | M68: 45345 | N68: =NETWORKDAYS(L68,M68)-5 -> 12 | O68: 1 | P68: =ROUND(IF(S68="ODC",1*O68,I68*O68),3) -> #VALUE! | Q68: 1.19 | S68: NOT ODC | T68: BU05,VTT,VAS | U68: =IF(AND(Q68>=1,S68="ODC"),P68,Q68) -> 1.19 | V68: =ROUND(SUMIF($B:$B,B68,P:P),3) -> #VALUE! | W68: =ROUND(SUMIF($B:$B,B68,U:U),3) -> 1.19 | X68: =ROUND(W68/V68,2) -> #VALUE! | Z68: =COUNTIF($B:$B,B68) -> 1
A69: 58 | B69: 439198 | C69: Đào Thị Phương | D69: phuongdt58@viettel,com,vn | E69: BU05 - Viễn thông | F69: TESTER | G69: J | H69: TESTER02 | I69: #REF! | J69: 2 | K69: 2024 | L69: 45323 | M69: 45351 | N69: =NETWORKDAYS(L69,M69)-5 -> 16 | O69: 1 | P69: =ROUND(IF(S69="ODC",1*O69,I69*O69),3) -> 1 | Q69: 0.95 | S69: ODC | T69: BU05,VTT,VAS | U69: =IF(AND(Q69>=1,S69="ODC"),P69,Q69) -> 0.95 | V69: =ROUND(SUMIF($B:$B,B69,P:P),3) -> 1 | W69: =ROUND(SUMIF($B:$B,B69,U:U),3) -> 0.95 | X69: =ROUND(W69/V69,2) -> 0.95 | Z69: =COUNTIF($B:$B,B69) -> 1
A70: 59 | B70: 428992 | C70: Ngô Đắc Trung | D70: trungnd43@viettel,com,vn | E70: BU05 - Viễn thông | F70: DEV | G70: J+ | H70: DEV03 | I70: #REF! | J70: 2 | K70: 2024 | L70: 45323 | M70: 45351 | N70: =NETWORKDAYS(L70,M70)-5 -> 16 | O70: 1 | P70: =ROUND(IF(S70="ODC",1*O70,I70*O70),3) -> #VALUE! | Q70: 1.24 | S70: NOT ODC | T70: BU05,VTT,VAS | U70: =IF(AND(Q70>=1,S70="ODC"),P70,Q70) -> 1.24 | V70: =ROUND(SUMIF($B:$B,B70,P:P),3) -> #VALUE! | W70: =ROUND(SUMIF($B:$B,B70,U:U),3) -> 1.24 | X70: =ROUND(W70/V70,2) -> #VALUE! | Z70: =COUNTIF($B:$B,B70) -> 1
A71: 60 | B71: 459055 | C71: Nguyễn Hữu Mạnh | D71: manhnh21@viettel,com,vn | E71: BU05 - Viễn thông | F71: Dev | G71: M | H71: Dev04 | I71: #REF! | J71: 2 | K71: 2024 | L71: 45323 | M71: 45351 | N71: =NETWORKDAYS(L71,M71)-5 -> 16 | O71: 1 | P71: =ROUND(IF(S71="ODC",1*O71,I71*O71),3) -> #VALUE! | Q71: 1.59 | S71: NOT ODC | T71: BU05,VTT,VAS | U71: =IF(AND(Q71>=1,S71="ODC"),P71,Q71) -> 1.59 | V71: =ROUND(SUMIF($B:$B,B71,P:P),3) -> #VALUE! | W71: =ROUND(SUMIF($B:$B,B71,U:U),3) -> 1.59 | X71: =ROUND(W71/V71,2) -> #VALUE! | Z71: =COUNTIF($B:$B,B71) -> 1
A72: 61 | B72: 458927 | C72: Nguyễn Nhật Long | D72: longnn22@viettel,com,vn | E72: BU05 - Viễn thông | F72: Dev | G72: M+ | H72: Dev05 | I72: #REF! | J72: 2 | K72: 2024 | L72: 45337 | M72: 45351 | N72: =NETWORKDAYS(L72,M72) -> 11 | O72: =11/16 -> 0.6875 | P72: =ROUND(IF(S72="ODC",1*O72,I72*O72),3) -> #VALUE! | Q72: 1.395 | S72: NOT ODC | T72: BU05,VTT,VAS | U72: =IF(AND(Q72>=1,S72="ODC"),P72,Q72) -> 1.395 | V72: =ROUND(SUMIF($B:$B,B72,P:P),3) -> #VALUE! | W72: =ROUND(SUMIF($B:$B,B72,U:U),3) -> 1.695 | X72: =ROUND(W72/V72,2) -> #VALUE! | Z72: =COUNTIF($B:$B,B72) -> 2
A73: 62 | B73: 273821 | C73: Phạm Mạnh Cường | D73: cuongpm9@viettel,com,vn | E73: BU05 - Viễn thông | F73: DEV | G73: M | H73: DEV04 | I73: #REF! | J73: 2 | K73: 2024 | L73: 45323 | M73: 45345 | N73: =NETWORKDAYS(L73,M73)-5 -> 12 | O73: 1 | P73: =ROUND(IF(S73="ODC",1*O73,I73*O73),3) -> #VALUE! | Q73: 1.19 | S73: NOT ODC | T73: BU05,VTT,VAS | U73: =IF(AND(Q73>=1,S73="ODC"),P73,Q73) -> 1.19 | V73: =ROUND(SUMIF($B:$B,B73,P:P),3) -> #VALUE! | W73: =ROUND(SUMIF($B:$B,B73,U:U),3) -> 1.19 | X73: =ROUND(W73/V73,2) -> #VALUE! | Z73: =COUNTIF($B:$B,B73) -> 1
A74: 63 | B74: 458687 | C74: Phạm Thanh Tùng | D74: tungpt44@viettel,com,vn | E74: BU05 - Viễn thông | F74: Dev | G74: J+ | H74: Dev03 | I74: #REF! | J74: 2 | K74: 2024 | L74: 45323 | M74: 45351 | N74: =NETWORKDAYS(L74,M74)-5 -> 16 | O74: 1 | P74: =ROUND(IF(S74="ODC",1*O74,I74*O74),3) -> #VALUE! | Q74: 1.36 | S74: NOT ODC | T74: BU05,VTT,VAS | U74: =IF(AND(Q74>=1,S74="ODC"),P74,Q74) -> 1.36 | V74: =ROUND(SUMIF($B:$B,B74,P:P),3) -> #VALUE! | W74: =ROUND(SUMIF($B:$B,B74,U:U),3) -> 1.36 | X74: =ROUND(W74/V74,2) -> #VALUE! | Z74: =COUNTIF($B:$B,B74) -> 1
A75: 64 | B75: 435271 | C75: Nguyễn Trung Hiếu | D75: hieunt125@viettel,com,vn | E75: Phòng Quản lý dự án (PMO) | F75: PM | G75: J | H75: PM02 | I75: #REF! | J75: 2 | K75: 2024 | L75: 45323 | M75: 45351 | N75: =NETWORKDAYS(L75,M75)-5 -> 16 | O75: 1 | P75: =ROUND(IF(S75="ODC",1*O75,I75*O75),3) -> #VALUE! | Q75: 1 | S75: NOT ODC | T75: BU05,VTT,VAS | U75: =IF(AND(Q75>=1,S75="ODC"),P75,Q75) -> 1 | V75: =ROUND(SUMIF($B:$B,B75,P:P),3) -> #VALUE! | W75: =ROUND(SUMIF($B:$B,B75,U:U),3) -> 1 | X75: =ROUND(W75/V75,2) -> #VALUE! | Z75: =COUNTIF($B:$B,B75) -> 1
A76: 65 | B76: 453221 | C76: Tạ Thanh Tùng | D76: TUNGTT50@VIETTEL,COM,VN | E76: BU05 - Viễn thông | F76: DEV | G76: J | H76: DEV02 | I76: #REF! | J76: 2 | K76: 2024 | L76: 45327 | M76: 45351 | N76: =NETWORKDAYS(L76,M76)-5 -> 14 | O76: 1 | P76: =ROUND(IF(S76="ODC",1*O76,I76*O76),3) -> #VALUE! | Q76: 0.81 | S76: NOT ODC | T76: BU05,VTT,VAS | U76: =IF(AND(Q76>=1,S76="ODC"),P76,Q76) -> 0.81 | V76: =ROUND(SUMIF($B:$B,B76,P:P),3) -> #VALUE! | W76: =ROUND(SUMIF($B:$B,B76,U:U),3) -> 0.81 | X76: =ROUND(W76/V76,2) -> #VALUE! | Z76: =COUNTIF($B:$B,B76) -> 1
A77: 66 | B77: 460549 | C77: Phan Văn Phú | D77: phupv7@viettel,com,vn | E77: BU05 - Viễn thông | F77: DEV | G77: M | H77: DEV04 | I77: 1 | J77: 2 | K77: 2024 | L77: 45345 | M77: 45351 | N77: =NETWORKDAYS(L77,M77) -> 5 | O77: =N77/16 -> 0.3125 | P77: =ROUND(IF(S77="ODC",1*O77,I77*O77),3) -> 0.313 | Q77: 0.31 | S77: NOT ODC | T77: BU05,VTT,VAS | U77: =IF(AND(Q77>=1,S77="ODC"),P77,Q77) -> 0.31 | V77: =ROUND(SUMIF($B:$B,B77,P:P),3) -> #VALUE! | W77: =ROUND(SUMIF($B:$B,B77,U:U),3) -> 0.81 | X77: =ROUND(W77/V77,2) -> #VALUE! | Y77: Nhân sự thử việc K nỗ lực là 1 | Z77: =COUNTIF($B:$B,B77) -> 2
A78: 67 | B78: 430053 | C78: Nguyễn Anh Tuấn | D78: tuanna151@viettel,com,vn | E78: BU05 - Viễn thông | F78: DEV | G78: M | H78: DEV04 | I78: =VLOOKUP(H78,NLTC!$C$5:$D$28,2,0) -> #REF! | J78: 2 | K78: 2024 | L78: 45345 | M78: 45351 | N78: =NETWORKDAYS(L78,M78) -> 5 | O78: =N78/16 -> 0.3125 | P78: =ROUND(IF(S78="ODC",1*O78,I78*O78),3) -> #REF! | Q78: 0.3 | S78: NOT ODC | T78: BU05,VTT,VAS | U78: =IF(AND(Q78>=1,S78="ODC"),P78,Q78) -> 0.3 | V78: =ROUND(SUMIF($B:$B,B78,P:P),3) -> #VALUE! | W78: =ROUND(SUMIF($B:$B,B78,U:U),3) -> 1 | X78: =ROUND(W78/V78,2) -> #VALUE! | Z78: =COUNTIF($B:$B,B78) -> 2
A79: 68 | B79: 453003 | C79: Vũ Thái Sơn | D79: sonvt25@viettel,com,vn | E79: BU03 - Dịch vụ ngân hàng và tài chính (BSFI) | F79: DEV | G79: senior | H79: DEV06 | I79: 2.27 | J79: 2 | K79: 2024 | L79: 1-Feb | M79: 29-Feb | N79: 16 | O79: 1 | P79: =ROUND(IF(S79="ODC",1*O79,I79*O79),3) -> 2.27 | Q79: 2.27 | S79: NOT ODC | T79: BU03,VDS,CT,Phase2 | U79: =IF(AND(Q79>=1,S79="ODC"),P79,Q79) -> 2.27 | V79: =ROUND(SUMIF($B:$B,B79,P:P),3) -> 2.27 | W79: =ROUND(SUMIF($B:$B,B79,U:U),3) -> 2.27 | X79: =ROUND(W79/V79,2) -> 1 | Z79: =COUNTIF($B:$B,B79) -> 1
A80: 69 | B80: 451573 | C80: Ninh Văn Ích | D80: ichnv@viettel,com,vn | E80: BU03 - Dịch vụ ngân hàng và tài chính (BSFI) | F80: DEV | G80: middle+ | H80: DEV05 | I80: 2.03 | J80: 2 | K80: 2024 | L80: 1-Feb | M80: 29-Feb | N80: 16 | O80: 1 | P80: =ROUND(IF(S80="ODC",1*O80,I80*O80),3) -> 2.03 | Q80: 2.03 | S80: NOT ODC | T80: BU03,VDS,CT,Phase2 | U80: =IF(AND(Q80>=1,S80="ODC"),P80,Q80) -> 2.03 | V80: =ROUND(SUMIF($B:$B,B80,P:P),3) -> 2.03 | W80: =ROUND(SUMIF($B:$B,B80,U:U),3) -> 2.03 | X80: =ROUND(W80/V80,2) -> 1 | Z80: =COUNTIF($B:$B,B80) -> 1
A81: 70 | B81: 455859 | C81: Vũ Đức Đạt | D81: datvd@viettel,com,vn | E81: BU03 - Dịch vụ ngân hàng và tài chính (BSFI) | F81: DEV | G81: middle | H81: DEV04 | I81: 1.59 | J81: 2 | K81: 2024 | L81: 26-Feb | M81: 29-Feb | N81: 4 | O81: 0.25 | P81: =ROUND(IF(S81="ODC",1*O81,I81*O81),3) -> 0.398 | Q81: 0.398 | S81: NOT ODC | T81: BU03,VDS,CT,Phase2 | U81: =IF(AND(Q81>=1,S81="ODC"),P81,Q81) -> 0.398 | V81: =ROUND(SUMIF($B:$B,B81,P:P),3) -> 1.591 | W81: =ROUND(SUMIF($B:$B,B81,U:U),3) -> 1.392 | X81: =ROUND(W81/V81,2) -> 0.87 | Z81: =COUNTIF($B:$B,B81) -> 2
A82: 71 | B82: 436083 | C82: Ngô Gia Hưng | D82: hungng2@viettel,com,vn | E82: BU03 - Dịch vụ ngân hàng và tài chính (BSFI) | F82: DEV | G82: middle | H82: DEV04 | I82: 1.59 | J82: 2 | K82: 2024 | L82: 26-Feb | M82: 29-Feb | N82: 4 | O82: 0.25 | P82: =ROUND(IF(S82="ODC",1*O82,I82*O82),3) -> 0.398 | Q82: 0.398 | S82: NOT ODC | T82: BU03,VDS,CT,Phase2 | U82: =IF(AND(Q82>=1,S82="ODC"),P82,Q82) -> 0.398 | V82: =ROUND(SUMIF($B:$B,B82,P:P),3) -> 1.591 | W82: =ROUND(SUMIF($B:$B,B82,U:U),3) -> 1.591 | X82: =ROUND(W82/V82,2) -> 1 | Z82: =COUNTIF($B:$B,B82) -> 2
A83: 72 | B83: 439832 | C83: Lê Văn Chính | D83: chinhlv10@viettel,com,vn | E83: BU03 - Dịch vụ ngân hàng và tài chính (BSFI) | F83: DEV | G83: junior+ | H83: DEV03 | I83: 1.24 | J83: 2 | K83: 2024 | L83: 26-Feb | M83: 29-Feb | N83: 4 | O83: 0.25 | P83: =ROUND(IF(S83="ODC",1*O83,I83*O83),3) -> 0.31 | Q83: 0.31 | S83: NOT ODC | T83: BU03,VDS,CT,Phase2 | U83: =IF(AND(Q83>=1,S83="ODC"),P83,Q83) -> 0.31 | V83: =ROUND(SUMIF($B:$B,B83,P:P),3) -> 1.24 | W83: =ROUND(SUMIF($B:$B,B83,U:U),3) -> 1.008 | X83: =ROUND(W83/V83,2) -> 0.81 | Z83: =COUNTIF($B:$B,B83) -> 2
A84: 73 | B84: 451253 | C84: Vũ Viết Dương | D84: duongvv9@viettel,com,vn | E84: BU03 - Dịch vụ ngân hàng và tài chính (BSFI) | F84: DEV | G84: junior+ | H84: DEV03 | I84: 1.24 | J84: 2 | K84: 2024 | L84: 26-Feb | M84: 29-Feb | N84: 4 | O84: 0.25 | P84: =ROUND(IF(S84="ODC",1*O84,I84*O84),3) -> 0.31 | Q84: 0.31 | S84: NOT ODC | T84: BU03,VDS,CT,Phase2 | U84: =IF(AND(Q84>=1,S84="ODC"),P84,Q84) -> 0.31 | V84: =ROUND(SUMIF($B:$B,B84,P:P),3) -> 1.24 | W84: =ROUND(SUMIF($B:$B,B84,U:U),3) -> 1.24 | X84: =ROUND(W84/V84,2) -> 1 | Z84: =COUNTIF($B:$B,B84) -> 2
A85: 74 | B85: 430629 | C85: Nguyễn Thị Loan | D85: loannt85@viettel,com,vn | E85: BU03 - Dịch vụ ngân hàng và tài chính (BSFI) | F85: BA | G85: middle | H85: BA04 | I85: 1.59 | J85: 2 | K85: 2024 | L85: 1-Feb | M85: 29-Feb | N85: 16 | O85: 1 | P85: =ROUND(IF(S85="ODC",1*O85,I85*O85),3) -> 1.59 | Q85: 1.59 | S85: NOT ODC | T85: BU03,VDS,TopUp,Phase2 | U85: =IF(AND(Q85>=1,S85="ODC"),P85,Q85) -> 1.59 | V85: =ROUND(SUMIF($B:$B,B85,P:P),3) -> 1.59 | W85: =ROUND(SUMIF($B:$B,B85,U:U),3) -> 1.59 | X85: =ROUND(W85/V85,2) -> 1 | Z85: =COUNTIF($B:$B,B85) -> 1
A86: 75 | B86: 455859 | C86: Vũ Đức Đạt | D86: datvd@viettel,com,vn | E86: BU03 - Dịch vụ ngân hàng và tài chính (BSFI) | F86: DEV | G86: middle | H86: DEV04 | I86: 1.59 | J86: 2 | K86: 2024 | L86: 1-Feb | M86: 25-Feb | N86: 12 | O86: 0.75 | P86: =ROUND(IF(S86="ODC",1*O86,I86*O86),3) -> 1.193 | Q86: 0.994 | S86: NOT ODC | T86: BU03,VDS,TopUp,Phase2 | U86: =IF(AND(Q86>=1,S86="ODC"),P86,Q86) -> 0.994 | V86: =ROUND(SUMIF($B:$B,B86,P:P),3) -> 1.591 | W86: =ROUND(SUMIF($B:$B,B86,U:U),3) -> 1.392 | X86: =ROUND(W86/V86,2) -> 0.87 | Z86: =COUNTIF($B:$B,B86) -> 2
A87: 76 | B87: 451249 | C87: Phạm Thị Thanh Hoa | D87: hoaptt7@viettel,com,vn | E87: BU03 - Dịch vụ ngân hàng và tài chính (BSFI) | F87: TESTER | G87: junior | H87: TESTER02 | I87: 0.86 | J87: 2 | K87: 2024 | L87: 1-Feb | M87: 29-Feb | N87: 16 | O87: 1 | P87: =ROUND(IF(S87="ODC",1*O87,I87*O87),3) -> 0.86 | Q87: 0.86 | S87: NOT ODC | T87: BU03,VDS,TopUp,Phase2 | U87: =IF(AND(Q87>=1,S87="ODC"),P87,Q87) -> 0.86 | V87: =ROUND(SUMIF($B:$B,B87,P:P),3) -> 0.86 | W87: =ROUND(SUMIF($B:$B,B87,U:U),3) -> 0.86 | X87: =ROUND(W87/V87,2) -> 1 | Z87: =COUNTIF($B:$B,B87) -> 1
A88: 77 | B88: 451243 | C88: Trịnh Thúy Hằng | D88: hangtt71@viettel,com,vn | E88: BU03 - Dịch vụ ngân hàng và tài chính (BSFI) | F88: TESTER | G88: middle | H88: TESTER04 | I88: 1.41 | J88: 2 | K88: 2024 | L88: 1-Feb | M88: 29-Feb | N88: 16 | O88: 1 | P88: =ROUND(IF(S88="ODC",1*O88,I88*O88),3) -> 1.41 | Q88: 0.705 | S88: NOT ODC | T88: BU03,VDS,TopUp,Phase2 | U88: =IF(AND(Q88>=1,S88="ODC"),P88,Q88) -> 0.705 | V88: =ROUND(SUMIF($B:$B,B88,P:P),3) -> 1.41 | W88: =ROUND(SUMIF($B:$B,B88,U:U),3) -> 0.705 | X88: =ROUND(W88/V88,2) -> 0.5 | Z88: =COUNTIF($B:$B,B88) -> 1
A89: 78 | B89: 439832 | C89: Lê Văn Chính | D89: chinhlv10@viettel,com,vn | E89: BU03 - Dịch vụ ngân hàng và tài chính (BSFI) | F89: DEV | G89: junior+ | H89: DEV03 | I89: 1.24 | J89: 2 | K89: 2024 | L89: 1-Feb | M89: 25-Feb | N89: 12 | O89: 0.75 | P89: =ROUND(IF(S89="ODC",1*O89,I89*O89),3) -> 0.93 | Q89: 0.698 | S89: NOT ODC | T89: BU03,VDS,TopUp,Phase2 | U89: =IF(AND(Q89>=1,S89="ODC"),P89,Q89) -> 0.698 | V89: =ROUND(SUMIF($B:$B,B89,P:P),3) -> 1.24 | W89: =ROUND(SUMIF($B:$B,B89,U:U),3) -> 1.008 | X89: =ROUND(W89/V89,2) -> 0.81 | Z89: =COUNTIF($B:$B,B89) -> 2
A90: 79 | B90: 451253 | C90: Vũ Viết Dương | D90: duongvv9@viettel,com,vn | E90: BU03 - Dịch vụ ngân hàng và tài chính (BSFI) | F90: DEV | G90: junior+ | H90: DEV03 | I90: 1.24 | J90: 2 | K90: 2024 | L90: 1-Feb | M90: 25-Feb | N90: 12 | O90: 0.75 | P90: =ROUND(IF(S90="ODC",1*O90,I90*O90),3) -> 0.93 | Q90: 0.93 | S90: NOT ODC | T90: BU03,VDS,TopUp,Phase2 | U90: =IF(AND(Q90>=1,S90="ODC"),P90,Q90) -> 0.93 | V90: =ROUND(SUMIF($B:$B,B90,P:P),3) -> 1.24 | W90: =ROUND(SUMIF($B:$B,B90,U:U),3) -> 1.24 | X90: =ROUND(W90/V90,2) -> 1 | Z90: =COUNTIF($B:$B,B90) -> 2
... A117: 106 | B117: 441049 | C117: Lê Huy Hoàng | D117: hoanglh16@viettel,com,vn | E117: Phòng Quản lý dự án (PMO) | F117: PM | G117: middle | H117: PM04 | I117: 1.59 | J117: 2 | K117: 2024 | L117: 1-Feb | M117: 29-Feb | N117: 2.4 | O117: 0.15 | P117: =ROUND(IF(S117="ODC",1*O117,I117*O117),3) -> 0.239 | Q117: 0.239 | S117: NOT ODC | T117: BU03,VDS,VTM,SPTT | U117: =IF(AND(Q117>=1,S117="ODC"),P117,Q117) -> 0.239 | V117: =ROUND(SUMIF($B:$B,B117,P:P),3) -> 1.591 | W117: =ROUND(SUMIF($B:$B,B117,U:U),3) -> 1.591 | X117: =ROUND(W117/V117,2) -> 1 | Z117: =COUNTIF($B:$B,B117) -> 4
A118: 107 | B118: 427203 | C118: Ngô Quang Phong | D118: phongnq7@viettel,com,vn | E118: BU01 - Quản trị doanh nghiệp | F118: DEV | G118: J | H118: DEV02 | I118: #REF! | J118: 2 | K118: 2024 | L118: 1-Feb | M118: 29-Feb | N118: 16 | O118: 1 | P118: 1 | Q118: =15/16 -> 0.9375 | S118: ODC | T118: BU01,BCN,ERP | U118: =IF(AND(Q118>=1,S118="ODC"),P118,Q118) -> 0.9375 | V118: =ROUND(SUMIF($B:$B,B118,P:P),3) -> 1 | W118: =ROUND(SUMIF($B:$B,B118,U:U),3) -> 0.938 | X118: =ROUND(W118/V118,2) -> 0.94 | Z118: =COUNTIF($B:$B,B118) -> 1
A119: 108 | B119: 458599 | C119: Nguyễn Trung Hiếu | D119: hieunt571@viettel,com,vn | E119: BU01 - Quản trị doanh nghiệp | F119: DEV | G119: J+ | H119: DEV03 | I119: #REF! | J119: 2 | K119: 2024 | L119: 1-Feb | M119: 29-Feb | N119: 16 | O119: 1 | P119: 1 | Q119: =14.5/16 -> 0.90625 | S119: ODC | T119: BU01,BCN,ERP | U119: =IF(AND(Q119>=1,S119="ODC"),P119,Q119) -> 0.90625 | V119: =ROUND(SUMIF($B:$B,B119,P:P),3) -> 1 | W119: =ROUND(SUMIF($B:$B,B119,U:U),3) -> 0.906 | X119: =ROUND(W119/V119,2) -> 0.91 | Z119: =COUNTIF($B:$B,B119) -> 1
A120: 109 | B120: 439018 | C120: Lê Thu Hiền | D120: hienlt61@viettel,com,vn | E120: BU01 - Quản trị doanh nghiệp | F120: Tester | G120: J | H120: Tester02 | I120: #REF! | J120: 2 | K120: 2024 | L120: 1-Feb | M120: 29-Feb | N120: 16 | O120: 1 | P120: 1 | Q120: =6/16 -> 0.375 | S120: ODC | T120: BU01,BCN,ERP | U120: =IF(AND(Q120>=1,S120="ODC"),P120,Q120) -> 0.375 | V120: =ROUND(SUMIF($B:$B,B120,P:P),3) -> #VALUE! | W120: =ROUND(SUMIF($B:$B,B120,U:U),3) -> 1.151 | X120: =ROUND(W120/V120,2) -> #VALUE! | Z120: =COUNTIF($B:$B,B120) -> 3
A121: 110 | B121: 441538 | C121: Nguyễn Thị Ngọc Ánh | D121: anhntn71@viettel,com,vn | E121: BU01 - Quản trị doanh nghiệp | F121: Tester | G121: M+ | H121: Tester05 | I121: #REF! | J121: 2 | K121: 2024 | L121: 1-Feb | M121: 29-Feb | N121: 16 | O121: 1 | P121: 1 | Q121: =15/16 -> 0.9375 | S121: ODC | T121: BU01,BCN,ERP | U121: =IF(AND(Q121>=1,S121="ODC"),P121,Q121) -> 0.9375 | V121: =ROUND(SUMIF($B:$B,B121,P:P),3) -> 1 | W121: =ROUND(SUMIF($B:$B,B121,U:U),3) -> 0.938 | X121: =ROUND(W121/V121,2) -> 0.94 | Z121: =COUNTIF($B:$B,B121) -> 1
A122: 111 | B122: 428993 | C122: Nguyễn Sỹ Tây | D122: tayns@viettel,com,vn | E122: BU01 - Quản trị doanh nghiệp | F122: DEV | G122: M | H122: DEV04 | I122: #REF! | J122: 2 | K122: 2024 | L122: 1-Feb | M122: 29-Feb | N122: 16 | O122: 1 | P122: 1 | Q122: =5/16 -> 0.3125 | S122: ODC | T122: BU01,BCN,ERP | U122: =IF(AND(Q122>=1,S122="ODC"),P122,Q122) -> 0.3125 | V122: =ROUND(SUMIF($B:$B,B122,P:P),3) -> #VALUE! | W122: =ROUND(SUMIF($B:$B,B122,U:U),3) -> 0.625 | X122: =ROUND(W122/V122,2) -> #VALUE! | Z122: =COUNTIF($B:$B,B122) -> 2
A123: 112 | B123: 281067 | C123: Nguyễn Văn Lực | D123: lucnv11@viettel,com,vn | E123: Phòng Quản lý dự án (PMO) | F123: PM | G123: M | H123: PM04 | I123: =VLOOKUP(H123,NLTC!$C$5:$D$28,2,0) -> #REF! | J123: 2 | K123: 2024 | L123: 1-Feb | M123: 29-Feb | N123: =16*0.2 -> 3.2 | O123: 1 | P123: 0.2 | Q123: =16*0.2/16 -> 0.2 | S123: ODC | T123: BU01,BCN,ERP | U123: =IF(AND(Q123>=1,S123="ODC"),P123,Q123) -> 0.2 | V123: =ROUND(SUMIF($B:$B,B123,P:P),3) -> 1.059 | W123: =ROUND(SUMIF($B:$B,B123,U:U),3) -> 1.059 | X123: =ROUND(W123/V123,2) -> 1 | Z123: =COUNTIF($B:$B,B123) -> 7
A124: 113 | B124: 276388 | C124: Nguyễn Thái Linh | D124: linhnt154@viettel,com,vn | E124: BU02 - Phân phối và bán lẻ | F124: Tester | G124: J | H124: Tester02 | I124: =VLOOKUP(H124,NLTC!$C$5:$D$28,2,0) -> #REF! | J124: 2 | K124: 2024 | L124: 1-Feb | M124: 29-Feb | N124: 16 | O124: 1 | P124: 1 | Q124: =15/16 -> 0.9375 | S124: ODC | T124: BU01,VHT,ODC | U124: =IF(AND(Q124>=1,S124="ODC"),P124,Q124) -> 0.9375 | V124: =ROUND(SUMIF($B:$B,B124,P:P),3) -> 1 | W124: =ROUND(SUMIF($B:$B,B124,U:U),3) -> 0.938 | X124: =ROUND(W124/V124,2) -> 0.94 | Z124: =COUNTIF($B:$B,B124) -> 1
A125: 114 | B125: 281067 | C125: Nguyễn Văn Lực | D125: lucnv11@viettel,com,vn | E125: Phòng Quản lý dự án (PMO) | F125: PM | G125: M | H125: PM04 | I125: =VLOOKUP(H125,NLTC!$C$5:$D$28,2,0) -> #REF! | J125: 2 | K125: 2024 | L125: 1-Feb | M125: 29-Feb | N125: =16*0.05 -> 0.8 | O125: 1 | P125: 0.05 | Q125: =16*0.05/16 -> 0.05 | S125: ODC | T125: BU01,BCN,ERP | U125: =IF(AND(Q125>=1,S125="ODC"),P125,Q125) -> 0.05 | V125: =ROUND(SUMIF($B:$B,B125,P:P),3) -> 1.059 | W125: =ROUND(SUMIF($B:$B,B125,U:U),3) -> 1.059 | X125: =ROUND(W125/V125,2) -> 1 | Z125: =COUNTIF($B:$B,B125) -> 7
A126: 115 | B126: 452887 | C126: Nguyễn Hoàng Anh | D126: anhnh156@viettel,com,vn | E126: BU01 - Quản trị doanh nghiệp | F126: DEV | G126: M+ | H126: DEV05 | I126: #REF! | J126: 2 | K126: 2024 | L126: 1-Feb | M126: 29-Feb | N126: 16 | O126: 1 | P126: 1 | Q126: =16/16 -> 1 | S126: ODC | T126: BU01,VTS,BHXH | U126: =IF(AND(Q126>=1,S126="ODC"),P126,Q126) -> 1 | V126: =ROUND(SUMIF($B:$B,B126,P:P),3) -> 1 | W126: =ROUND(SUMIF($B:$B,B126,U:U),3) -> 1 | X126: =ROUND(W126/V126,2) -> 1 | Z126: =COUNTIF($B:$B,B126) -> 1
A127: 116 | B127: 453001 | C127: Trần Công Đoàn | D127: doantc@viettel,com,vn | E127: BU01 - Quản trị doanh nghiệp | F127: Dev | G127: M | H127: Dev04 | I127: #REF! | J127: 2 | K127: 2024 | L127: 1-Feb | M127: 29-Feb | N127: 16 | O127: 1 | P127: 1 | Q127: =16/16 -> 1 | S127: ODC | T127: BU01,VTS,BHXH | U127: =IF(AND(Q127>=1,S127="ODC"),P127,Q127) -> 1 | V127: =ROUND(SUMIF($B:$B,B127,P:P),3) -> 1 | W127: =ROUND(SUMIF($B:$B,B127,U:U),3) -> 1 | X127: =ROUND(W127/V127,2) -> 1 | Z127: =COUNTIF($B:$B,B127) -> 1
A128: 117 | B128: 281067 | C128: Nguyễn Văn Lực | D128: lucnv11@viettel,com,vn | E128: Phòng Quản lý dự án (PMO) | F128: PM | G128: M | H128: PM04 | I128: =VLOOKUP(H128,NLTC!$C$5:$D$28,2,0) -> #REF! | J128: 2 | K128: 2024 | L128: 1-Feb | M128: 29-Feb | N128: =16*0.2 -> 3.2 | O128: 1 | P128: 0.2 | Q128: =16*0.2/16 -> 0.2 | S128: ODC | T128: BU01,VTS,BHXH | U128: =IF(AND(Q128>=1,S128="ODC"),P128,Q128) -> 0.2 | V128: =ROUND(SUMIF($B:$B,B128,P:P),3) -> 1.059 | W128: =ROUND(SUMIF($B:$B,B128,U:U),3) -> 1.059 | X128: =ROUND(W128/V128,2) -> 1 | Z128: =COUNTIF($B:$B,B128) -> 7
A129: 118 | B129: 452021 | C129: Nguyễn Văn Dũng | D129: dungnv719@viettel,com,vn | E129: BU01 - Quản trị doanh nghiệp | F129: DEV | G129: J+ | H129: DEV03 | I129: #REF! | J129: 2 | K129: 2024 | L129: 1-Feb | M129: 29-Feb | N129: 16 | O129: 1 | P129: 1 | Q129: =16/16 -> 1 | S129: ODC | T129: BU01,VTS,CSDLCucKT | U129: =IF(AND(Q129>=1,S129="ODC"),P129,Q129) -> 1 | V129: =ROUND(SUMIF($B:$B,B129,P:P),3) -> 1 | W129: =ROUND(SUMIF($B:$B,B129,U:U),3) -> 1 | X129: =ROUND(W129/V129,2) -> 1 | Z129: =COUNTIF($B:$B,B129) -> 1
A130: 119 | B130: 437933 | C130: Phạm Duy Khánh | D130: khanhpd16@viettel,com,vn | E130: BU01 - Quản trị doanh nghiệp | F130: Tester | G130: J | H130: Tester02 | I130: #REF! | J130: 2 | K130: 2024 | L130: 1-Feb | M130: 29-Feb | N130: 16 | O130: 1 | P130: 1 | Q130: =12/16 -> 0.75 | S130: ODC | T130: BU01,VTS,CSDLCucKT | U130: =IF(AND(Q130>=1,S130="ODC"),P130,Q130) -> 0.75 | V130: =ROUND(SUMIF($B:$B,B130,P:P),3) -> 1 | W130: =ROUND(SUMIF($B:$B,B130,U:U),3) -> 0.75 | X130: =ROUND(W130/V130,2) -> 0.75 | Z130: =COUNTIF($B:$B,B130) -> 1
A131: 120 | B131: 450033 | C131: Nguyễn Thị Thu Hằng | D131: hangntt393@viettel,com,vn | E131: BU01 - Quản trị doanh nghiệp | F131: Tester | G131: J | H131: Tester02 | I131: #REF! | J131: 2 | K131: 2024 | L131: 1-Feb | M131: 29-Feb | N131: 16 | O131: 1 | P131: 1 | Q131: =16/16 -> 1 | S131: ODC | T131: BU01,VTS,CSDLCucKT | U131: =IF(AND(Q131>=1,S131="ODC"),P131,Q131) -> 1 | V131: =ROUND(SUMIF($B:$B,B131,P:P),3) -> 1 | W131: =ROUND(SUMIF($B:$B,B131,U:U),3) -> 1 | X131: =ROUND(W131/V131,2) -> 1 | Z131: =COUNTIF($B:$B,B131) -> 1
A132: 121 | B132: 281844 | C132: Nguyễn Duy Phương | D132: phuongnd38@viettel,com,vn | E132: BU01 - Quản trị doanh nghiệp | F132: DEV | G132: M | H132: DEV04 | I132: #REF! | J132: 1 | K132: 2024 | L132: 1-Feb | M132: 29-Feb | N132: 16 | O132: 1 | P132: 1 | Q132: =16/16 -> 1 | S132: ODC | T132: BU01,VTS,CSDLCucKT | U132: =IF(AND(Q132>=1,S132="ODC"),P132,Q132) -> 1 | V132: =ROUND(SUMIF($B:$B,B132,P:P),3) -> 1 | W132: =ROUND(SUMIF($B:$B,B132,U:U),3) -> 1 | X132: =ROUND(W132/V132,2) -> 1 | Z132: =COUNTIF($B:$B,B132) -> 1
A133: 122 | B133: 460317 | C133: Tống Đức Thành | D133: thanhtd20@viettel,com,vn | E133: BU01 - Quản trị doanh nghiệp | F133: DEV | G133: J+ | H133: DEV03 | I133: #REF! | J133: 1 | K133: 2024 | L133: 1-Feb | M133: 29-Feb | N133: 16 | O133: 1 | P133: 1 | Q133: =16/16 -> 1 | S133: ODC | T133: BU01,VTS,CSDLCucKT | U133: =IF(AND(Q133>=1,S133="ODC"),P133,Q133) -> 1 | V133: =ROUND(SUMIF($B:$B,B133,P:P),3) -> 1 | W133: =ROUND(SUMIF($B:$B,B133,U:U),3) -> 1 | X133: =ROUND(W133/V133,2) -> 1 | Z133: =COUNTIF($B:$B,B133) -> 1
A134: 123 | B134: 281067 | C134: Nguyễn Văn Lực | D134: lucnv11@viettel,com,vn | E134: Phòng Quản lý dự án (PMO) | F134: PM | G134: M | H134: PM04 | I134: =VLOOKUP(H134,NLTC!$C$5:$D$28,2,0) -> #REF! | J134: 2 | K134: 2024 | L134: 1-Feb | M134: 29-Feb | N134: =16*0.2 -> 3.2 | O134: 1 | P134: 0.2 | Q134: =16*0.2/16 -> 0.2 | S134: ODC | T134: BU01,VTS,CSDLCucKT | U134: =IF(AND(Q134>=1,S134="ODC"),P134,Q134) -> 0.2 | V134: =ROUND(SUMIF($B:$B,B134,P:P),3) -> 1.059 | W134: =ROUND(SUMIF($B:$B,B134,U:U),3) -> 1.059 | X134: =ROUND(W134/V134,2) -> 1 | Z134: =COUNTIF($B:$B,B134) -> 7
...

Sheet Tổng hợp NLTH 3.2024
B1: CÔNG TY ĐẦU TƯ CÔNG NGHỆ VIETTEL BU01 Số: …,/TB-BU01 | R1: CỘNG HOÀ XÃ HỘI CHỦ NGHĨA VIỆT NAM Độc lập - Tự do - Hạnh phúc
F8: BẢNG TỔNG HỢP NỖ LỰC THÁNG 03,2024
A11: # | B11: Mã NV | C11: Tên nhân viên trên Jira | D11: Email | E11: Phòng/ban | F11: Role | G11: Level | H11: Mã chức danh | I11: Tiêu chuẩn (MM) | J11: Tháng | K11: Năm | L11: Ngày bắt đầu | M11: Ngày kết thúc | N11: Ngày công dự án | O11: Tỉ lệ công theo quá trình | P11: Nỗ lực tiêu chuẩn tháng | Q11: Nỗ lực thực hiện tháng BU gửi | R11: Nỗ lực ngoài sản xuất | S11: Dự án ODC | T11: Mã dự án | U11: Nỗ lực thực hiện chốt tính lương từng quá trình | V11: Nỗ lực tiêu chuẩn tổng các quá trình | W11: Nỗ lực thực hiện chốt tính lương tổng các quá trình | X11: Hệ số K | Y11: Ghi chú | Z11: lặp lại
A12: 1 | B12: 455381 | C12: Đàm Thị Khánh Huyền | D12: HUYENDTK1@VIETTEL,COM,VN | E12: BU05 - Viễn thông | F12: TESTER | G12: J | H12: TESTER02 | I12: #REF! | J12: 3 | K12: 2024 | L12: 45352 | M12: 45382 | N12: 21 | O12: =N12/N12 -> 1 | P12: =ROUND(IF(S12="ODC",1*O12,I12*O12),3) -> 1 | Q12: 1 | S12: ODC | T12: BU05,VTCC,DMP | U12: =IF(AND(Q12>=1,S12="ODC"),P12,Q12) -> 1 | V12: =ROUND(SUMIF($B:$B,B12,P:P),3) -> 1 | W12: =ROUND(SUMIF($B:$B,B12,U:U),3) -> 1 | X12: =ROUND(W12/V12,2) -> 1 | Z12: =COUNTIF($B:$B,B12) -> 1
A13: 2 | B13: 438179 | C13: Phạm Thị Trang | D13: trangpt62@viettel,com,vn | E13: BU05 - Viễn thông | F13: TESTER | G13: F | H13: TESTER02 | I13: #REF! | J13: 3 | K13: 2024 | L13: 45352 | M13: 45382 | N13: 21 | O13: =N13/N13 -> 1 | P13: =ROUND(IF(S13="ODC",1*O13,I13*O13),3) -> 1 | Q13: 1 | S13: ODC | T13: BU05,VTCC,DMP | U13: =IF(AND(Q13>=1,S13="ODC"),P13,Q13) -> 1 | V13: =ROUND(SUMIF($B:$B,B13,P:P),3) -> 1 | W13: =ROUND(SUMIF($B:$B,B13,U:U),3) -> 1 | X13: =ROUND(W13/V13,2) -> 1 | Z13: =COUNTIF($B:$B,B13) -> 1
A14: 3 | B14: 429608 | C14: Đình Văn Quân | D14: quandv17@viettel,com,vn | E14: BU05 - Viễn thông | F14: DEV | G14: J | H14: DEV02 | I14: #REF! | J14: 3 | K14: 2024 | L14: 45352 | M14: 45382 | N14: 21 | O14: =N14/N14 -> 1 | P14: =ROUND(IF(S14="ODC",1*O14,I14*O14),3) -> 1 | Q14: 1 | S14: ODC | T14: BU05,VTCC,DMP | U14: =IF(AND(Q14>=1,S14="ODC"),P14,Q14) -> 1 | V14: =ROUND(SUMIF($B:$B,B14,P:P),3) -> 1 | W14: =ROUND(SUMIF($B:$B,B14,U:U),3) -> 1 | X14: =ROUND(W14/V14,2) -> 1 | Z14: =COUNTIF($B:$B,B14) -> 1
A15: 4 | B15: 430741 | C15: Đinh Văn Tuấn | D15: tuandv25@viettel,com,vn | E15: BU05 - Viễn thông | F15: DEV | G15: J+ | H15: DEV03 | I15: #REF! | J15: 3 | K15: 2024 | L15: 45352 | M15: 45382 | N15: 21 | O15: =N15/N15 -> 1 | P15: =ROUND(IF(S15="ODC",1*O15,I15*O15),3) -> 1 | Q15: 0.95238095 | S15: ODC | T15: BU05,VTCC,DMP | U15: =IF(AND(Q15>=1,S15="ODC"),P15,Q15) -> 0.95238095 | V15: =ROUND(SUMIF($B:$B,B15,P:P),3) -> 1 | W15: =ROUND(SUMIF($B:$B,B15,U:U),3) -> 0.952 | X15: =ROUND(W15/V15,2) -> 0.95 | Z15: =COUNTIF($B:$B,B15) -> 1
A16: 5 | B16: 429615 | C16: Đỗ Văn Chiển | D16: chiendv8@viettel,com,vn | E16: BU05 - Viễn thông | F16: DEV | G16: J | H16: DEV02 | I16: #REF! | J16: 3 | K16: 2024 | L16: 45352 | M16: 45382 | N16: 21 | O16: =N16/N16 -> 1 | P16: =ROUND(IF(S16="ODC",1*O16,I16*O16),3) -> 1 | Q16: 1 | S16: ODC | T16: BU05,VTCC,DMP | U16: =IF(AND(Q16>=1,S16="ODC"),P16,Q16) -> 1 | V16: =ROUND(SUMIF($B:$B,B16,P:P),3) -> 1 | W16: =ROUND(SUMIF($B:$B,B16,U:U),3) -> 1 | X16: =ROUND(W16/V16,2) -> 1 | Z16: =COUNTIF($B:$B,B16) -> 1
A17: 6 | B17: 434700 | C17: Hoàng Minh Hiếu | D17: hieuhm12@viettel,com,vn | E17: BU05 - Viễn thông | F17: DEV | G17: J+ | H17: DEV03 | I17: #REF! | J17: 3 | K17: 2024 | L17: 45352 | M17: 45382 | N17: 21 | O17: =N17/N17 -> 1 | P17: =ROUND(IF(S17="ODC",1*O17,I17*O17),3) -> 1 | Q17: 1 | S17: ODC | T17: BU05,VTCC,DMP | U17: =IF(AND(Q17>=1,S17="ODC"),P17,Q17) -> 1 | V17: =ROUND(SUMIF($B:$B,B17,P:P),3) -> 1 | W17: =ROUND(SUMIF($B:$B,B17,U:U),3) -> 1 | X17: =ROUND(W17/V17,2) -> 1 | Z17: =COUNTIF($B:$B,B17) -> 1
A18: 7 | B18: 292224 | C18: Lê Quang Duy | D18: duylq12@viettel,com,vn | E18: BU05 - Viễn thông | F18: DEV | G18: M | H18: DEV04 | I18: #REF! | J18: 3 | K18: 2024 | L18: 45352 | M18: 45382 | N18: 21 | O18: =N18/N18 -> 1 | P18: =ROUND(IF(S18="ODC",1*O18,I18*O18),3) -> 1 | Q18: 0.92857143 | S18: ODC | T18: BU05,VTCC,DMP | U18: =IF(AND(Q18>=1,S18="ODC"),P18,Q18) -> 0.92857143 | V18: =ROUND(SUMIF($B:$B,B18,P:P),3) -> 1 | W18: =ROUND(SUMIF($B:$B,B18,U:U),3) -> 0.929 | X18: =ROUND(W18/V18,2) -> 0.93 | Z18: =COUNTIF($B:$B,B18) -> 1
A19: 8 | B19: 434397 | C19: Lê Thị Ngọc Huệ | D19: hueltn1@viettel,com,vn | E19: BU05 - Viễn thông | F19: BA | G19: M | H19: BA04 | I19: #REF! | J19: 3 | K19: 2024 | L19: 45352 | M19: 45382 | N19: 21 | O19: =N19/N19 -> 1 | P19: =ROUND(IF(S19="ODC",1*O19,I19*O19),3) -> 1 | Q19: 0.97619048 | S19: ODC | T19: BU05,VTCC,DMP | U19: =IF(AND(Q19>=1,S19="ODC"),P19,Q19) -> 0.97619048 | V19: =ROUND(SUMIF($B:$B,B19,P:P),3) -> 1 | W19: =ROUND(SUMIF($B:$B,B19,U:U),3) -> 0.976 | X19: =ROUND(W19/V19,2) -> 0.98 | Z19: =COUNTIF($B:$B,B19) -> 1
A20: 9 | B20: 430051 | C20: Lê Văn Huân | D20: huanlv13@viettel,com,vn | E20: BU05 - Viễn thông | F20: DEV | G20: J+ | H20: DEV03 | I20: #REF! | J20: 3 | K20: 2024 | L20: 45352 | M20: 45382 | N20: 21 | O20: =N20/N20 -> 1 | P20: =ROUND(IF(S20="ODC",1*O20,I20*O20),3) -> 1 | Q20: 1 | S20: ODC | T20: BU05,VTCC,DMP | U20: =IF(AND(Q20>=1,S20="ODC"),P20,Q20) -> 1 | V20: =ROUND(SUMIF($B:$B,B20,P:P),3) -> 1 | W20: =ROUND(SUMIF($B:$B,B20,U:U),3) -> 1 | X20: =ROUND(W20/V20,2) -> 1 | Z20: =COUNTIF($B:$B,B20) -> 1
A21: 10 | B21: 450263 | C21: Nghiêm Thị Hương Ly | D21: LYNTH14@VIETTEL,COM,VN | E21: BU05 - Viễn thông | F21: BA | G21: F | H21: BA01 | I21: #REF! | J21: 3 | K21: 2024 | L21: 45352 | M21: 45382 | N21: 21 | O21: =N21/N21 -> 1 | P21: =ROUND(IF(S21="ODC",1*O21,I21*O21),3) -> 1 | Q21: 1 | S21: ODC | T21: BU05,VTCC,DMP | U21: =IF(AND(Q21>=1,S21="ODC"),P21,Q21) -> 1 | V21: =ROUND(SUMIF($B:$B,B21,P:P),3) -> 1 | W21: =ROUND(SUMIF($B:$B,B21,U:U),3) -> 1 | X21: =ROUND(W21/V21,2) -> 1 | Z21: =COUNTIF($B:$B,B21) -> 1
A22: 11 | B22: 291448 | C22: Nguyễn Gia Đăng | D22: dangng@viettel,com,vn | E22: BU05 - Viễn thông | F22: DEV | G22: M | H22: DEV04 | I22: #REF! | J22: 3 | K22: 2024 | L22: 45352 | M22: 45382 | N22: 21 | O22: =N22/N22 -> 1 | P22: =ROUND(IF(S22="ODC",1*O22,I22*O22),3) -> 1 | Q22: 0.95238095 | S22: ODC | T22: BU05,VTCC,DMP | U22: =IF(AND(Q22>=1,S22="ODC"),P22,Q22) -> 0.95238095 | V22: =ROUND(SUMIF($B:$B,B22,P:P),3) -> 1 | W22: =ROUND(SUMIF($B:$B,B22,U:U),3) -> 0.952 | X22: =ROUND(W22/V22,2) -> 0.95 | Z22: =COUNTIF($B:$B,B22) -> 1
A23: 12 | B23: 447269 | C23: Nguyễn Việt Cường | D23: CUONGNV564@VIETTEL,COM,VN | E23: BU05 - Viễn thông | F23: DEV | G23: F | H23: DEV01 | I23: #REF! | J23: 3 | K23: 2024 | L23: 45352 | M23: 45382 | N23: 21 | O23: =N23/N23 -> 1 | P23: =ROUND(IF(S23="ODC",1*O23,I23*O23),3) -> 1 | Q23: 1 | S23: ODC | T23: BU05,VTCC,DMP | U23: =IF(AND(Q23>=1,S23="ODC"),P23,Q23) -> 1 | V23: =ROUND(SUMIF($B:$B,B23,P:P),3) -> 1 | W23: =ROUND(SUMIF($B:$B,B23,U:U),3) -> 1 | X23: =ROUND(W23/V23,2) -> 1 | Z23: =COUNTIF($B:$B,B23) -> 1
A24: 13 | B24: 291971 | C24: Phạm Đăng Đô | D24: dopd@viettel,com,vn | E24: BU05 - Viễn thông | F24: DEV | G24: M+ | H24: DEV05 | I24: #REF! | J24: 3 | K24: 2024 | L24: 45352 | M24: 45382 | N24: 21 | O24: =N24/N24 -> 1 | P24: =ROUND(IF(S24="ODC",1*O24,I24*O24),3) -> 1 | Q24: 1 | S24: ODC | T24: BU05,VTCC,DMP | U24: =IF(AND(Q24>=1,S24="ODC"),P24,Q24) -> 1 | V24: =ROUND(SUMIF($B:$B,B24,P:P),3) -> 1 | W24: =ROUND(SUMIF($B:$B,B24,U:U),3) -> 1 | X24: =ROUND(W24/V24,2) -> 1 | Z24: =COUNTIF($B:$B,B24) -> 1
A25: 14 | B25: 441051 | C25: Phạm Thúy Quỳnh | D25: quynhpt15@viettel,com,vn | E25: BU05 - Viễn thông | F25: DEV | G25: M | H25: DEV04 | I25: #REF! | J25: 3 | K25: 2024 | L25: 45352 | M25: 45382 | N25: 21 | O25: =N25/N25 -> 1 | P25: =ROUND(IF(S25="ODC",1*O25,I25*O25),3) -> 1 | Q25: 1 | S25: ODC | T25: BU05,VTCC,DMP | U25: =IF(AND(Q25>=1,S25="ODC"),P25,Q25) -> 1 | V25: =ROUND(SUMIF($B:$B,B25,P:P),3) -> 1 | W25: =ROUND(SUMIF($B:$B,B25,U:U),3) -> 1 | X25: =ROUND(W25/V25,2) -> 1 | Z25: =COUNTIF($B:$B,B25) -> 1
A26: 15 | B26: 280784 | C26: Phan Chính Quân | D26: QUANPC2@VIETTEL,COM,VN | E26: BU05 - Viễn thông | F26: DEV | G26: M | H26: DEV04 | I26: #REF! | J26: 3 | K26: 2024 | L26: 45352 | M26: 45382 | N26: 21 | O26: =N26/N26 -> 1 | P26: =ROUND(IF(S26="ODC",1*O26,I26*O26),3) -> 1 | Q26: 0.95238095 | S26: ODC | T26: BU05,VTCC,DMP | U26: =IF(AND(Q26>=1,S26="ODC"),P26,Q26) -> 0.95238095 | V26: =ROUND(SUMIF($B:$B,B26,P:P),3) -> 1 | W26: =ROUND(SUMIF($B:$B,B26,U:U),3) -> 0.952 | X26: =ROUND(W26/V26,2) -> 0.95 | Z26: =COUNTIF($B:$B,B26) -> 1
A27: 16 | B27: 292225 | C27: Đàm Quang Hiếu | D27: hieudq7@viettel,com,vn | E27: Phòng Quản lý dự án (PMO) | F27: PM | G27: junior | H27: PM02 | I27: #REF! | J27: 3 | K27: 2024 | L27: 45352 | M27: 45382 | N27: 21 | O27: 0.15 | P27: =ROUND(IF(S27="ODC",1*O27,I27*O27),3) -> 0.15 | Q27: 0.15 | S27: ODC | T27: BU05,VTCC,DMP | U27: 0.15 | V27: =ROUND(SUMIF($B:$B,B27,P:P),3) -> #VALUE! | W27: =ROUND(SUMIF($B:$B,B27,U:U),3) -> 1.361 | X27: =ROUND(W27/V27,2) -> #VALUE! | Z27: =COUNTIF($B:$B,B27) -> 5
A28: 17 | B28: 431982 | C28: Đặng Anh Tú | D28: tuda15@viettel,com,vn | E28: BU05 - Viễn thông | F28: DEV | G28: J+ | H28: DEV03 | I28: #REF! | J28: 3 | K28: 2024 | L28: 45352 | M28: 45382 | N28: 21 | O28: =N28/N28 -> 1 | P28: =ROUND(IF(S28="ODC",1*O28,I28*O28),3) -> 1 | Q28: 0.8095 | S28: ODC | T28: BU05,VTCC,NNTN | U28: =IF(AND(Q28>=1,S28="ODC"),P28,Q28) -> 0.8095 | V28: =ROUND(SUMIF($B:$B,B28,P:P),3) -> 1 | W28: =ROUND(SUMIF($B:$B,B28,U:U),3) -> 0.81 | X28: =ROUND(W28/V28,2) -> 0.81 | Z28: =COUNTIF($B:$B,B28) -> 1
A29: 18 | B29: 292735 | C29: Hoàng Thanh Sơn | D29: sonht19@viettel,com,vn | E29: BU05 - Viễn thông | F29: DEV | G29: J+ | H29: DEV03 | I29: #REF! | J29: 3 | K29: 2024 | L29: 45352 | M29: 45382 | N29: 21 | O29: =N29/N29 -> 1 | P29: =ROUND(IF(S29="ODC",1*O29,I29*O29),3) -> 1 | Q29: 1 | S29: ODC | T29: BU05,VTCC,NNTN | U29: =IF(AND(Q29>=1,S29="ODC"),P29,Q29) -> 1 | V29: =ROUND(SUMIF($B:$B,B29,P:P),3) -> 1 | W29: =ROUND(SUMIF($B:$B,B29,U:U),3) -> 1 | X29: =ROUND(W29/V29,2) -> 1 | Z29: =COUNTIF($B:$B,B29) -> 1
A30: 19 | B30: 440480 | C30: Lê Phi Hùng | D30: hunglp9@viettel,com,vn | E30: BU05 - Viễn thông | F30: DEV | G30: J+ | H30: DEV03 | I30: #REF! | J30: 3 | K30: 2024 | L30: 45352 | M30: 45382 | N30: 21 | O30: =N30/N30 -> 1 | P30: =ROUND(IF(S30="ODC",1*O30,I30*O30),3) -> 1 | Q30: 1 | S30: ODC | T30: BU05,VTCC,NNTN | U30: =IF(AND(Q30>=1,S30="ODC"),P30,Q30) -> 1 | V30: =ROUND(SUMIF($B:$B,B30,P:P),3) -> 1 | W30: =ROUND(SUMIF($B:$B,B30,U:U),3) -> 1.13 | X30: =ROUND(W30/V30,2) -> 1.13 | Z30: =COUNTIF($B:$B,B30) -> 2
A31: 20 | B31: 454819 | C31: Lê Thành Tâm | D31: TAMLT37@VIETTEL,COM,VN | E31: BU05 - Viễn thông | F31: DEV | G31: J | H31: DEV02 | I31: #REF! | J31: 3 | K31: 2024 | L31: 45352 | M31: 45382 | N31: 21 | O31: =N31/N31 -> 1 | P31: =ROUND(IF(S31="ODC",1*O31,I31*O31),3) -> 1 | Q31: 1 | S31: ODC | T31: BU05,VTCC,NNTN | U31: =IF(AND(Q31>=1,S31="ODC"),P31,Q31) -> 1 | V31: =ROUND(SUMIF($B:$B,B31,P:P),3) -> 1 | W31: =ROUND(SUMIF($B:$B,B31,U:U),3) -> 1 | X31: =ROUND(W31/V31,2) -> 1 | Z31: =COUNTIF($B:$B,B31) -> 1
A32: 21 | B32: 432138 | C32: Nguyễn Văn Đồi | D32: doinv1@viettel,com,vn | E32: BU05 - Viễn thông | F32: DEV | G32: M | H32: DEV04 | I32: #REF! | J32: 3 | K32: 2024 | L32: 45352 | M32: 45382 | N32: 21 | O32: =N32/N32 -> 1 | P32: =ROUND(IF(S32="ODC",1*O32,I32*O32),3) -> 1 | Q32: 1 | S32: ODC | T32: BU05,VTCC,NNTN | U32: =IF(AND(Q32>=1,S32="ODC"),P32,Q32) -> 1 | V32: =ROUND(SUMIF($B:$B,B32,P:P),3) -> 1 | W32: =ROUND(SUMIF($B:$B,B32,U:U),3) -> 1.25 | X32: =ROUND(W32/V32,2) -> 1.25 | Z32: =COUNTIF($B:$B,B32) -> 2
A33: 22 | B33: 457039 | C33: Nguyễn Văn Nghiệp | D33: NGHIEPNV3@VIETTEL,COM,VN | E33: BU05 - Viễn thông | F33: DEV | G33: J+ | H33: DEV03 | I33: #REF! | J33: 3 | K33: 2024 | L33: 45352 | M33: 45382 | N33: 21 | O33: =N33/N33 -> 1 | P33: =ROUND(IF(S33="ODC",1*O33,I33*O33),3) -> 1 | Q33: 1 | S33: ODC | T33: BU05,VTCC,NNTN | U33: =IF(AND(Q33>=1,S33="ODC"),P33,Q33) -> 1 | V33: =ROUND(SUMIF($B:$B,B33,P:P),3) -> 1 | W33: =ROUND(SUMIF($B:$B,B33,U:U),3) -> 1 | X33: =ROUND(W33/V33,2) -> 1 | Z33: =COUNTIF($B:$B,B33) -> 1
A34: 23 | B34: 458699 | C34: Nguyễn Xuân Lộc | D34: locnx7@viettel,com,vn | E34: BU05 - Viễn thông | F34: Dev | G34: J | H34: Dev02 | I34: #REF! | J34: 3 | K34: 2024 | L34: 45352 | M34: 45382 | N34: 21 | O34: =N34/N34 -> 1 | P34: =ROUND(IF(S34="ODC",1*O34,I34*O34),3) -> 1 | Q34: 0.9524 | S34: ODC | T34: BU05,VTCC,NNTN | U34: =IF(AND(Q34>=1,S34="ODC"),P34,Q34) -> 0.9524 | V34: =ROUND(SUMIF($B:$B,B34,P:P),3) -> 1 | W34: =ROUND(SUMIF($B:$B,B34,U:U),3) -> 0.952 | X34: =ROUND(W34/V34,2) -> 0.95 | Z34: =COUNTIF($B:$B,B34) -> 1
A35: 24 | B35: 430417 | C35: Phạm Văn Oánh | D35: oanhpv@viettel,com,vn | E35: BU05 - Viễn thông | F35: DEV | G35: M | H35: DEV04 | I35: #REF! | J35: 3 | K35: 2024 | L35: 45352 | M35: 45382 | N35: 21 | O35: =N35/N35 -> 1 | P35: =ROUND(IF(S35="ODC",1*O35,I35*O35),3) -> 1 | Q35: 0.9762 | S35: ODC | T35: BU05,VTCC,NNTN | U35: =IF(AND(Q35>=1,S35="ODC"),P35,Q35) -> 0.9762 | V35: =ROUND(SUMIF($B:$B,B35,P:P),3) -> 1 | W35: =ROUND(SUMIF($B:$B,B35,U:U),3) -> 1.226 | X35: =ROUND(W35/V35,2) -> 1.23 | Z35: =COUNTIF($B:$B,B35) -> 2
A36: 25 | B36: 448599 | C36: Phí Đức Huy | D36: HUYPD8@VIETTEL,COM,VN | E36: BU05 - Viễn thông | F36: DEV | G36: J | H36: DEV02 | I36: #REF! | J36: 3 | K36: 2024 | L36: 45352 | M36: 45382 | N36: 21 | O36: =N36/N36 -> 1 | P36: =ROUND(IF(S36="ODC",1*O36,I36*O36),3) -> 1 | Q36: 1 | S36: ODC | T36: BU05,VTCC,NNTN | U36: =IF(AND(Q36>=1,S36="ODC"),P36,Q36) -> 1 | V36: =ROUND(SUMIF($B:$B,B36,P:P),3) -> 1 | W36: =ROUND(SUMIF($B:$B,B36,U:U),3) -> 1.12 | X36: =ROUND(W36/V36,2) -> 1.12 | Z36: =COUNTIF($B:$B,B36) -> 2
A37: 26 | B37: 453665 | C37: Trần Duy Tùng | D37: TUNGTD18@VIETTEL,COM,VN | E37: BU05 - Viễn thông | F37: DEV | G37: J | H37: DEV02 | I37: #REF! | J37: 3 | K37: 2024 | L37: 45352 | M37: 45382 | N37: 21 | O37: =N37/N37 -> 1 | P37: =ROUND(IF(S37="ODC",1*O37,I37*O37),3) -> 1 | Q37: 1 | S37: ODC | T37: BU05,VTCC,NNTN | U37: =IF(AND(Q37>=1,S37="ODC"),P37,Q37) -> 1 | V37: =ROUND(SUMIF($B:$B,B37,P:P),3) -> 1 | W37: =ROUND(SUMIF($B:$B,B37,U:U),3) -> 1 | X37: =ROUND(W37/V37,2) -> 1 | Z37: =COUNTIF($B:$B,B37) -> 1
A38: 27 | B38: 448397 | C38: Trần Ngọc Hùng | D38: HUNGTN24@VIETTEL,COM,VN | E38: BU05 - Viễn thông | F38: DEV | G38: J+ | H38: DEV03 | I38: #REF! | J38: 3 | K38: 2024 | L38: 45352 | M38: 45382 | N38: 21 | O38: =N38/N38 -> 1 | P38: =ROUND(IF(S38="ODC",1*O38,I38*O38),3) -> 1 | Q38: 1 | S38: ODC | T38: BU05,VTCC,NNTN | U38: =IF(AND(Q38>=1,S38="ODC"),P38,Q38) -> 1 | V38: =ROUND(SUMIF($B:$B,B38,P:P),3) -> 1 | W38: =ROUND(SUMIF($B:$B,B38,U:U),3) -> 1.2 | X38: =ROUND(W38/V38,2) -> 1.2 | Z38: =COUNTIF($B:$B,B38) -> 2
A39: 28 | B39: 453935 | C39: Trần Quang Vịnh | D39: VINHTQ26@VIETTEL,COM,VN | E39: BU05 - Viễn thông | F39: DEV | G39: J | H39: DEV02 | I39: #REF! | J39: 3 | K39: 2024 | L39: 45352 | M39: 45382 | N39: 21 | O39: =N39/N39 -> 1 | P39: =ROUND(IF(S39="ODC",1*O39,I39*O39),3) -> 1 | Q39: 0.9286 | S39: ODC | T39: BU05,VTCC,NNTN | U39: =IF(AND(Q39>=1,S39="ODC"),P39,Q39) -> 0.9286 | V39: =ROUND(SUMIF($B:$B,B39,P:P),3) -> 1 | W39: =ROUND(SUMIF($B:$B,B39,U:U),3) -> 0.929 | X39: =ROUND(W39/V39,2) -> 0.93 | Z39: =COUNTIF($B:$B,B39) -> 1
A40: 29 | B40: 432138 | C40: Nguyễn Văn Đồi | D40: doinv1@viettel,com,vn | E40: BU05 - Viễn thông | F40: DEV | G40: M | H40: DEV04 | I40: #REF! | J40: 3 | K40: 2024 | L40: 45352 | M40: 45382 | N40: 21 | O40: 0 | P40: 0 | Q40: 0.25 | S40: NOT ODC | T40: BU05,VTCC,NNTN | U40: =IF(AND(Q40>=1,S40="ODC"),P40,Q40) -> 0.25 | V40: =ROUND(SUMIF($B:$B,B40,P:P),3) -> 1 | W40: =ROUND(SUMIF($B:$B,B40,U:U),3) -> 1.25 | X40: =ROUND(W40/V40,2) -> 1.25 | Z40: =COUNTIF($B:$B,B40) -> 2
A41: 30 | B41: 430417 | C41: Phạm Văn Oánh | D41: oanhpv@viettel,com,vn | E41: BU05 - Viễn thông | F41: DEV | G41: M | H41: DEV04 | I41: #REF! | J41: 3 | K41: 2024 | L41: 45352 | M41: 45382 | N41: 21 | O41: 0 | P41: - | Q41: 0.25 | S41: NOT ODC | T41: BU05,VTCC,NNTN | U41: =IF(AND(Q41>=1,S41="ODC"),P41,Q41) -> 0.25 | V41: =ROUND(SUMIF($B:$B,B41,P:P),3) -> 1 | W41: =ROUND(SUMIF($B:$B,B41,U:U),3) -> 1.226 | X41: =ROUND(W41/V41,2) -> 1.23 | Z41: =COUNTIF($B:$B,B41) -> 2
A42: 31 | B42: 448599 | C42: Phí Đức Huy | D42: HUYPD8@VIETTEL,COM,VN | E42: BU05 - Viễn thông | F42: DEV | G42: J | H42: DEV02 | I42: #REF! | J42: 3 | K42: 2024 | L42: 45352 | M42: 45382 | N42: 21 | O42: 0 | P42: 0 | Q42: 0.12 | S42: NOT ODC | T42: BU05,VTCC,NNTN | U42: =IF(AND(Q42>=1,S42="ODC"),P42,Q42) -> 0.12 | V42: =ROUND(SUMIF($B:$B,B42,P:P),3) -> 1 | W42: =ROUND(SUMIF($B:$B,B42,U:U),3) -> 1.12 | X42: =ROUND(W42/V42,2) -> 1.12 | Z42: =COUNTIF($B:$B,B42) -> 2
A43: 32 | B43: 440480 | C43: Lê Phi Hùng | D43: hunglp9@viettel,com,vn | E43: BU05 - Viễn thông | F43: DEV | G43: J+ | H43: DEV03 | I43: #REF! | J43: 3 | K43: 2024 | L43: 45352 | M43: 45382 | N43: 21 | O43: 0 | P43: 0 | Q43: 0.13 | S43: NOT ODC | T43: BU05,VTCC,NNTN | U43: =IF(AND(Q43>=1,S43="ODC"),P43,Q43) -> 0.13 | V43: =ROUND(SUMIF($B:$B,B43,P:P),3) -> 1 | W43: =ROUND(SUMIF($B:$B,B43,U:U),3) -> 1.13 | X43: =ROUND(W43/V43,2) -> 1.13 | Z43: =COUNTIF($B:$B,B43) -> 2
A44: 33 | B44: 448397 | C44: Trần Ngọc Hùng | D44: HUNGTN24@VIETTEL,COM,VN | E44: BU05 - Viễn thông | F44: DEV | G44: J+ | H44: DEV03 | I44: #REF! | J44: 3 | K44: 2024 | L44: 45352 | M44: 45382 | N44: 21 | O44: 0 | P44: 0 | Q44: 0.2 | S44: NOT ODC | T44: BU05,VTCC,NNTN | U44: =IF(AND(Q44>=1,S44="ODC"),P44,Q44) -> 0.2 | V44: =ROUND(SUMIF($B:$B,B44,P:P),3) -> 1 | W44: =ROUND(SUMIF($B:$B,B44,U:U),3) -> 1.2 | X44: =ROUND(W44/V44,2) -> 1.2 | Z44: =COUNTIF($B:$B,B44) -> 2
A45: 34 | B45: 292225 | C45: Đàm Quang Hiếu | D45: hieudq7@viettel,com,vn | E45: Phòng Quản lý dự án (PMO) | F45: PM | G45: junior | H45: PM02 | I45: #REF! | J45: 3 | K45: 2024 | L45: 45352 | M45: 45382 | N45: 21 | O45: 0.1 | P45: =ROUND(IF(S45="ODC",1*O45,I45*O45),3) -> 0.1 | Q45: 0.1 | S45: ODC | T45: BU05,VTCC,NNTN | U45: =IF(AND(Q45>=1,S45="ODC"),P45,Q45) -> 0.1 | V45: =ROUND(SUMIF($B:$B,B45,P:P),3) -> #VALUE! | W45: =ROUND(SUMIF($B:$B,B45,U:U),3) -> 1.361 | X45: =ROUND(W45/V45,2) -> #VALUE! | Z45: =COUNTIF($B:$B,B45) -> 5
A46: 35 | B46: 439830 | C46: Nguyễn Trung Kiên | D46: kiennt96@viettel,com,vn | E46: BU05 - Viễn thông | F46: DEV | G46: J | H46: DEV02 | I46: #REF! | J46: 3 | K46: 2024 | L46: 45352 | M46: 45382 | N46: 21 | O46: =N46/N46 -> 1 | P46: =ROUND(IF(S46="ODC",1*O46,I46*O46),3) -> 1 | Q46: 0.9762 | S46: ODC | T46: BU05,VTCC,eKYC | U46: =IF(AND(Q46>=1,S46="ODC"),P46,Q46) -> 0.9762 | V46: =ROUND(SUMIF($B:$B,B46,P:P),3) -> 1 | W46: =ROUND(SUMIF($B:$B,B46,U:U),3) -> 0.976 | X46: =ROUND(W46/V46,2) -> 0.98 | Z46: =COUNTIF($B:$B,B46) -> 1
A47: 36 | B47: 450261 | C47: Trần Việt Huy | D47: VIETTH6@VIETTEL,COM,VN | E47: BU05 - Viễn thông | F47: DEV | G47: J | H47: DEV02 | I47: #REF! | J47: 3 | K47: 2024 | L47: 45352 | M47: 45382 | N47: 21 | O47: =N47/N47 -> 1 | P47: =ROUND(IF(S47="ODC",1*O47,I47*O47),3) -> 1 | Q47: 1 | S47: ODC | T47: BU05,VTCC,eKYC | U47: =IF(AND(Q47>=1,S47="ODC"),P47,Q47) -> 1 | V47: =ROUND(SUMIF($B:$B,B47,P:P),3) -> 1 | W47: =ROUND(SUMIF($B:$B,B47,U:U),3) -> 1 | X47: =ROUND(W47/V47,2) -> 1 | Z47: =COUNTIF($B:$B,B47) -> 1
A48: 37 | B48: 452883 | C48: Đinh Tuấn Thanh | D48: thanhdt49@viettel,com,vn | E48: BU05 - Viễn thông | F48: DEV | G48: J+ | H48: DEV03 | I48: #REF! | J48: 3 | K48: 2024 | L48: 45352 | M48: 45382 | N48: 21 | O48: =N48/N48 -> 1 | P48: =ROUND(IF(S48="ODC",1*O48,I48*O48),3) -> 1 | Q48: 1 | S48: ODC | T48: BU05,VTCC,eKYC | U48: =IF(AND(Q48>=1,S48="ODC"),P48,Q48) -> 1 | V48: =ROUND(SUMIF($B:$B,B48,P:P),3) -> 1 | W48: =ROUND(SUMIF($B:$B,B48,U:U),3) -> 1 | X48: =ROUND(W48/V48,2) -> 1 | Z48: =COUNTIF($B:$B,B48) -> 1
A49: 38 | B49: 454813 | C49: Phan Văn Hoàn | D49: hoanpv7@viettel,com,vn | E49: BU05 - Viễn thông | F49: DEV | G49: M | H49: DEV04 | I49: #REF! | J49: 3 | K49: 2024 | L49: 45352 | M49: 45382 | N49: 21 | O49: =N49/N49 -> 1 | P49: =ROUND(IF(S49="ODC",1*O49,I49*O49),3) -> 1 | Q49: 1 | S49: ODC | T49: BU05,VTCC,eKYC | U49: =IF(AND(Q49>=1,S49="ODC"),P49,Q49) -> 1 | V49: =ROUND(SUMIF($B:$B,B49,P:P),3) -> 1 | W49: =ROUND(SUMIF($B:$B,B49,U:U),3) -> 1 | X49: =ROUND(W49/V49,2) -> 1 | Z49: =COUNTIF($B:$B,B49) -> 1
A50: 39 | B50: 429193 | C50: Phạm Tuấn Anh | D50: anhpt170@viettel,com,vn | E50: BU05 - Viễn thông | F50: DEV | G50: M | H50: DEV04 | I50: #REF! | J50: 3 | K50: 2024 | L50: 45352 | M50: 45382 | N50: 21 | O50: =N50/N50 -> 1 | P50: =ROUND(IF(S50="ODC",1*O50,I50*O50),3) -> 1 | Q50: 1 | S50: ODC | T50: BU05,VTCC,eKYC | U50: =IF(AND(Q50>=1,S50="ODC"),P50,Q50) -> 1 | V50: =ROUND(SUMIF($B:$B,B50,P:P),3) -> 1 | W50: =ROUND(SUMIF($B:$B,B50,U:U),3) -> 1 | X50: =ROUND(W50/V50,2) -> 1 | Z50: =COUNTIF($B:$B,B50) -> 1
A51: 40 | B51: 292225 | C51: Đàm Quang Hiếu | D51: hieudq7@viettel,com,vn | E51: Phòng Quản lý dự án (PMO) | F51: PM | G51: junior | H51: PM02 | I51: #REF! | J51: 3 | K51: 2024 | L51: 45352 | M51: 45382 | N51: 21 | O51: 0.05 | P51: =ROUND(IF(S51="ODC",1*O51,I51*O51),3) -> 0.05 | Q51: 0.05 | S51: ODC | T51: BU05,VTCC,eKYC | U51: =IF(AND(Q51>=1,S51="ODC"),P51,Q51) -> 0.05 | V51: =ROUND(SUMIF($B:$B,B51,P:P),3) -> #VALUE! | W51: =ROUND(SUMIF($B:$B,B51,U:U),3) -> 1.361 | X51: =ROUND(W51/V51,2) -> #VALUE! | Z51: =COUNTIF($B:$B,B51) -> 5
A52: 41 | B52: 460317 | C52: Tống Đức Thành | D52: thanhtd20@viettel,com,vn | E52: BU01 - Quản trị doanh nghiệp | F52: DEV | G52: J | H52: DEV02 | I52: #REF! | J52: 3 | K52: 2024 | L52: 45352 | M52: 45382 | N52: 21 | O52: =N52/21 -> 1 | P52: =ROUND(IF(S52="ODC",1*O52,I52*O52),3) -> #VALUE! | Q52: 0.5 | S52: NOT ODC | T52: BU01,BCN,NONSAP,Phase2 | U52: =IF(AND(Q52>=1,S52="ODC"),P52,Q52) -> 0.5 | V52: =ROUND(SUMIF($B:$B,B52,P:P),3) -> #VALUE! | W52: =ROUND(SUMIF($B:$B,B52,U:U),3) -> 0.5 | X52: =ROUND(W52/V52,2) -> #VALUE! | Z52: =COUNTIF($B:$B,B52) -> 1
A53: 42 | B53: 272637 | C53: Nguyễn Phú Quí | D53: quinp5@viettel,com,vn | E53: BU05 - Viễn thông | F53: DEV | G53: J+ | H53: DEV03 | I53: #REF! | J53: 3 | K53: 2024 | L53: 45352 | M53: 45382 | N53: 21 | O53: =N53/16 -> 1.3125 | P53: =ROUND(IF(S53="ODC",1*O53,I53*O53),3)/21*9 -> #VALUE! | Q53: 0.69771429 | S53: NOT ODC | T53: BU05,VTNet,OSS,THITRUONG | U53: =IF(AND(Q53>=1,S53="ODC"),P53,Q53) -> 0.69771429 | V53: =ROUND(SUMIF($B:$B,B53,P:P),3) -> #VALUE! | W53: =ROUND(SUMIF($B:$B,B53,U:U),3) -> 0.698 | X53: =ROUND(W53/V53,2) -> #VALUE! | Z53: =COUNTIF($B:$B,B53) -> 1
A54: 43 | B54: 427332 | C54: Đặng Văn Lực | D54: lucdv6@viettel,com,vn | E54: BU05 - Viễn thông | F54: DEV | G54: M | H54: DEV04 | I54: #REF! | J54: 3 | K54: 2024 | L54: 45352 | M54: 45382 | N54: 21 | O54: =N54/16 -> 1.3125 | P54: =ROUND(IF(S54="ODC",1*O54,I54*O54),3)/21*9 -> #VALUE! | Q54: 0.89442857 | S54: NOT ODC | T54: BU05,VTNet,OSS,THITRUONG | U54: =IF(AND(Q54>=1,S54="ODC"),P54,Q54) -> 0.89442857 | V54: =ROUND(SUMIF($B:$B,B54,P:P),3) -> #VALUE! | W54: =ROUND(SUMIF($B:$B,B54,U:U),3) -> 0.894 | X54: =ROUND(W54/V54,2) -> #VALUE! | Z54: =COUNTIF($B:$B,B54) -> 1
A55: 44 | B55: 292510 | C55: Đỗ Thị Kim Duyên | D55: duyendtk2@viettel,com,vn | E55: BU05 - Viễn thông | F55: TESTER | G55: M | H55: TESTER04 | I55: #REF! | J55: 3 | K55: 2024 | L55: 45352 | M55: 45382 | N55: 21 | O55: =N55/16 -> 1.3125 | P55: =ROUND(IF(S55="ODC",1*O55,I55*O55),3)/21*9 -> #VALUE! | Q55: 0.79328571 | S55: NOT ODC | T55: BU05,VTNet,OSS,THITRUONG | U55: =IF(AND(Q55>=1,S55="ODC"),P55,Q55) -> 0.79328571 | V55: =ROUND(SUMIF($B:$B,B55,P:P),3) -> #VALUE! | W55: =ROUND(SUMIF($B:$B,B55,U:U),3) -> 0.793 | X55: =ROUND(W55/V55,2) -> #VALUE! | Z55: =COUNTIF($B:$B,B55) -> 1
A56: 45 | B56: 437388 | C56: Lê Anh Quang | D56: quangla1@viettel,com,vn | E56: BU05 - Viễn thông | F56: DEV | G56: M | H56: DEV04 | I56: #REF! | J56: 3 | K56: 2024 | L56: 45352 | M56: 45382 | N56: 21 | O56: =N56/16 -> 1.3125 | P56: =ROUND(IF(S56="ODC",1*O56,I56*O56),3)/21*9 -> #VALUE! | Q56: 0.89442857 | S56: NOT ODC | T56: BU05,VTNet,OSS,THITRUONG | U56: =IF(AND(Q56>=1,S56="ODC"),P56,Q56) -> 0.89442857 | V56: =ROUND(SUMIF($B:$B,B56,P:P),3) -> #VALUE! | W56: =ROUND(SUMIF($B:$B,B56,U:U),3) -> 0.894 | X56: =ROUND(W56/V56,2) -> #VALUE! | Z56: =COUNTIF($B:$B,B56) -> 1
A57: 46 | B57: 436377 | C57: Lê Công Quyền | D57: quyenlc2@viettel,com,vn | E57: BU05 - Viễn thông | F57: DEV | G57: J+ | H57: DEV03 | I57: #REF! | J57: 3 | K57: 2024 | L57: 45352 | M57: 45382 | N57: 21 | O57: =N57/16 -> 1.3125 | P57: =ROUND(IF(S57="ODC",1*O57,I57*O57),3)/21*9 -> #VALUE! | Q57: 0.69771429 | S57: NOT ODC | T57: BU05,VTNet,OSS,THITRUONG | U57: =IF(AND(Q57>=1,S57="ODC"),P57,Q57) -> 0.69771429 | V57: =ROUND(SUMIF($B:$B,B57,P:P),3) -> #VALUE! | W57: =ROUND(SUMIF($B:$B,B57,U:U),3) -> 0.698 | X57: =ROUND(W57/V57,2) -> #VALUE! | Z57: =COUNTIF($B:$B,B57) -> 1
A58: 47 | B58: 451247 | C58: Nguyễn Phương Thúy | D58: THUYNP10@VIETTEL,COM,VN | E58: BU05 - Viễn thông | F58: TESTER | G58: J+ | H58: TESTER03 | I58: #REF! | J58: 3 | K58: 2024 | L58: 45352 | M58: 45382 | N58: 21 | O58: =N58/16 -> 1.3125 | P58: =ROUND(IF(S58="ODC",1*O58,I58*O58),3)/21*9 -> #VALUE! | Q58: 0.66942857 | S58: NOT ODC | T58: BU05,VTNet,OSS,THITRUONG | U58: =IF(AND(Q58>=1,S58="ODC"),P58,Q58) -> 0.66942857 | V58: =ROUND(SUMIF($B:$B,B58,P:P),3) -> #VALUE! | W58: =ROUND(SUMIF($B:$B,B58,U:U),3) -> 0.669 | X58: =ROUND(W58/V58,2) -> #VALUE! | Z58: =COUNTIF($B:$B,B58) -> 1
A59: 48 | B59: 437535 | C59: Nguyễn Thành Tâm | D59: tamnt87@viettel,com,vn | E59: BU05 - Viễn thông | F59: DEV | G59: M | H59: DEV04 | I59: #REF! | J59: 3 | K59: 2024 | L59: 45352 | M59: 45382 | N59: 21 | O59: =N59/16 -> 1.3125 | P59: =ROUND(IF(S59="ODC",1*O59,I59*O59),3)/21*9 -> #VALUE! | Q59: 0.89442857 | S59: NOT ODC | T59: BU05,VTNet,OSS,THITRUONG | U59: =IF(AND(Q59>=1,S59="ODC"),P59,Q59) -> 0.89442857 | V59: =ROUND(SUMIF($B:$B,B59,P:P),3) -> #VALUE! | W59: =ROUND(SUMIF($B:$B,B59,U:U),3) -> 0.894 | X59: =ROUND(W59/V59,2) -> #VALUE! | Z59: =COUNTIF($B:$B,B59) -> 1
A60: 49 | B60: 290265 | C60: Nguyễn Xuân Trường | D60: truongnx35@viettel,com,vn | E60: BU05 - Viễn thông | F60: DEV | G60: M+ | H60: DEV05 | I60: #REF! | J60: 3 | K60: 2024 | L60: 45352 | M60: 45382 | N60: 21 | O60: =N60/16 -> 1.3125 | P60: =ROUND(IF(S60="ODC",1*O60,I60*O60),3)/21*9 -> #VALUE! | Q60: 1.1417143 | S60: NOT ODC | T60: BU05,VTNet,OSS,THITRUONG | U60: =IF(AND(Q60>=1,S60="ODC"),P60,Q60) -> 1.1417143 | V60: =ROUND(SUMIF($B:$B,B60,P:P),3) -> #VALUE! | W60: =ROUND(SUMIF($B:$B,B60,U:U),3) -> 1.142 | X60: =ROUND(W60/V60,2) -> #VALUE! | Z60: =COUNTIF($B:$B,B60) -> 1
A61: 50 | B61: 433570 | C61: Phạm Phúc Long | D61: longpp4@viettel,com,vn | E61: BU05 - Viễn thông | F61: DEV | G61: F | H61: DEV01 | I61: #REF! | J61: 3 | K61: 2024 | L61: 45352 | M61: 45382 | N61: 21 | O61: =N61/16 -> 1.3125 | P61: =ROUND(IF(S61="ODC",1*O61,I61*O61),3)/21*9 -> #VALUE! | Q61: 0.30942857 | S61: NOT ODC | T61: BU05,VTNet,OSS,THITRUONG | U61: =IF(AND(Q61>=1,S61="ODC"),P61,Q61) -> 0.30942857 | V61: =ROUND(SUMIF($B:$B,B61,P:P),3) -> #VALUE! | W61: =ROUND(SUMIF($B:$B,B61,U:U),3) -> 0.309 | X61: =ROUND(W61/V61,2) -> #VALUE! | Z61: =COUNTIF($B:$B,B61) -> 1
A62: 51 | B62: 451551 | C62: Trần Thị Hương | D62: HUONGTT167@VIETTEL,COM,VN | E62: BU05 - Viễn thông | F62: TESTER | G62: J | H62: TESTER02 | I62: #REF! | J62: 3 | K62: 2024 | L62: 45352 | M62: 45382 | N62: 21 | O62: =N62/16 -> 1.3125 | P62: =ROUND(IF(S62="ODC",1*O62,I62*O62),3)/21*9 -> #VALUE! | Q62: 0.48385714 | S62: NOT ODC | T62: BU05,VTNet,OSS,THITRUONG | U62: =IF(AND(Q62>=1,S62="ODC"),P62,Q62) -> 0.48385714 | V62: =ROUND(SUMIF($B:$B,B62,P:P),3) -> #VALUE! | W62: =ROUND(SUMIF($B:$B,B62,U:U),3) -> 0.484 | X62: =ROUND(W62/V62,2) -> #VALUE! | Z62: =COUNTIF($B:$B,B62) -> 1
A63: 52 | B63: 427330 | C63: Trần Thị Lan Anh | D63: anhttl9@viettel,com,vn | E63: BU05 - Viễn thông | F63: TESTER | G63: M | H63: TESTER04 | I63: #REF! | J63: 3 | K63: 2024 | L63: 45352 | M63: 45382 | N63: 21 | O63: =N63/16 -> 1.3125 | P63: =ROUND(IF(S63="ODC",1*O63,I63*O63),3)/21*9 -> #VALUE! | Q63: 0.79328571 | S63: NOT ODC | T63: BU05,VTNet,OSS,THITRUONG | U63: =IF(AND(Q63>=1,S63="ODC"),P63,Q63) -> 0.79328571 | V63: =ROUND(SUMIF($B:$B,B63,P:P),3) -> #VALUE! | W63: =ROUND(SUMIF($B:$B,B63,U:U),3) -> 0.793 | X63: =ROUND(W63/V63,2) -> #VALUE! | Z63: =COUNTIF($B:$B,B63) -> 1
A64: 53 | B64: 452027 | C64: Trần Thị Linh | D64: LINHTT67@VIETTEL,COM,VN | E64: BU05 - Viễn thông | F64: TESTER | G64: J+ | H64: TESTER03 | I64: #REF! | J64: 3 | K64: 2024 | L64: 45352 | M64: 45382 | N64: 21 | O64: =N64/16 -> 1.3125 | P64: =ROUND(IF(S64="ODC",1*O64,I64*O64),3)/21*9 -> #VALUE! | Q64: 0.66942857 | S64: NOT ODC | T64: BU05,VTNet,OSS,THITRUONG | U64: =IF(AND(Q64>=1,S64="ODC"),P64,Q64) -> 0.66942857 | V64: =ROUND(SUMIF($B:$B,B64,P:P),3) -> #VALUE! | W64: =ROUND(SUMIF($B:$B,B64,U:U),3) -> 0.669 | X64: =ROUND(W64/V64,2) -> #VALUE! | Z64: =COUNTIF($B:$B,B64) -> 1
... A66: 55 | B66: 432495 | C66: Vương Quảng Đông | D66: dongvq@viettel,com,vn | E66: BU05 - Viễn thông | F66: DEV | G66: M+ | H66: DEV05 | I66: #REF! | J66: 3 | K66: 2024 | L66: 45352 | M66: 45382 | N66: 21 | O66: =N66/16 -> 1.3125 | P66: =ROUND(IF(S66="ODC",1*O66,I66*O66),3)/21*9 -> #VALUE! | Q66: 1.1417143 | S66: NOT ODC | T66: BU05,VTNet,OSS,THITRUONG | U66: =IF(AND(Q66>=1,S66="ODC"),P66,Q66) -> 1.1417143 | V66: =ROUND(SUMIF($B:$B,B66,P:P),3) -> #VALUE! | W66: =ROUND(SUMIF($B:$B,B66,U:U),3) -> 1.142 | X66: =ROUND(W66/V66,2) -> #VALUE! | Z66: =COUNTIF($B:$B,B66) -> 1
A67: 56 | B67: 292225 | C67: Đàm Quang Hiếu | D67: hieudq7@viettel,com,vn | E67: Phòng Quản lý dự án (PMO) | F67: PM | G67: junior | H67: PM02 | I67: #REF! | J67: 3 | K67: 2024 | L67: 45352 | M67: 45382 | N67: 21 | O67: 0.05 | P67: =ROUND(IF(S67="ODC",1*O67,I67*O67),3) -> 0.05 | Q67: 0.05 | S67: ODC | T67: BU05,VTT,MyViettel,Insource | U67: =IF(AND(Q67>=1,S67="ODC"),P67,Q67) -> 0.05 | V67: =ROUND(SUMIF($B:$B,B67,P:P),3) -> #VALUE! | W67: =ROUND(SUMIF($B:$B,B67,U:U),3) -> 1.361 | X67: =ROUND(W67/V67,2) -> #VALUE! | Z67: =COUNTIF($B:$B,B67) -> 5
A68: 57 | B68: 427027 | C68: Trần Thị Vân | D68: vantt36@viettel,com,vn | E68: BU05 - Viễn thông | F68: TESTER | G68: middle+ | H68: TESTER05 | I68: #REF! | J68: 3 | K68: 2024 | L68: 45352 | M68: 45382 | N68: 21 | O68: 1 | P68: =ROUND(IF(S68="ODC",1*O68,I68*O68),3) -> 1 | Q68: 1 | S68: ODC | T68: BU05,VTT,MyViettel,Insource | U68: =IF(AND(Q68>=1,S68="ODC"),P68,Q68) -> 1 | V68: =ROUND(SUMIF($B:$B,B68,P:P),3) -> 1 | W68: =ROUND(SUMIF($B:$B,B68,U:U),3) -> 1 | X68: =ROUND(W68/V68,2) -> 1 | Z68: =COUNTIF($B:$B,B68) -> 1
A69: 58 | B69: 428982 | C69: Phan Thị Hoài Thanh | D69: thanhpth4@viettel,com,vn | E69: BU05 - Viễn thông | F69: TESTER | G69: junior+ | H69: TESTER03 | I69: #REF! | J69: 3 | K69: 2024 | L69: 45352 | M69: 45382 | N69: 21 | O69: 1 | P69: =ROUND(IF(S69="ODC",1*O69,I69*O69),3) -> 1 | Q69: 1 | S69: ODC | T69: BU05,VTT,MyViettel,Insource | U69: =IF(AND(Q69>=1,S69="ODC"),P69,Q69) -> 1 | V69: =ROUND(SUMIF($B:$B,B69,P:P),3) -> 1 | W69: =ROUND(SUMIF($B:$B,B69,U:U),3) -> 1 | X69: =ROUND(W69/V69,2) -> 1 | Z69: =COUNTIF($B:$B,B69) -> 1
A70: 59 | B70: 449443 | C70: Phạm Thị Phương Anh | D70: anhptp5@viettel,com,vn | E70: BU05 - Viễn thông | F70: TESTER | G70: junior+ | H70: TESTER03 | I70: #REF! | J70: 3 | K70: 2024 | L70: 45352 | M70: 45382 | N70: 21 | O70: 1 | P70: =ROUND(IF(S70="ODC",1*O70,I70*O70),3) -> 1 | Q70: 1 | S70: ODC | T70: BU05,VTT,MyViettel,Insource | U70: =IF(AND(Q70>=1,S70="ODC"),P70,Q70) -> 1 | V70: =ROUND(SUMIF($B:$B,B70,P:P),3) -> 1 | W70: =ROUND(SUMIF($B:$B,B70,U:U),3) -> 1 | X70: =ROUND(W70/V70,2) -> 1 | Z70: =COUNTIF($B:$B,B70) -> 1
A71: 60 | B71: 447257 | C71: Đỗ Thủy Cầm | D71: camdt1@viettel,com,vn | E71: BU05 - Viễn thông | F71: TESTER | G71: junior | H71: TESTER02 | I71: #REF! | J71: 3 | K71: 2024 | L71: 45352 | M71: 45382 | N71: 21 | O71: 1 | P71: =ROUND(IF(S71="ODC",1*O71,I71*O71),3) -> 1 | Q71: 1 | S71: ODC | T71: BU05,VTT,MyViettel,Insource | U71: =IF(AND(Q71>=1,S71="ODC"),P71,Q71) -> 1 | V71: =ROUND(SUMIF($B:$B,B71,P:P),3) -> 1 | W71: =ROUND(SUMIF($B:$B,B71,U:U),3) -> 1 | X71: =ROUND(W71/V71,2) -> 1 | Z71: =COUNTIF($B:$B,B71) -> 1
A72: 61 | B72: 457053 | C72: Nguyễn Thị Hiền | D72: hiennt206@viettel,com,vn | E72: BU05 - Viễn thông | F72: TESTER | G72: junior | H72: TESTER02 | I72: #REF! | J72: 3 | K72: 2024 | L72: 45352 | M72: 45382 | N72: 21 | O72: 1 | P72: =ROUND(IF(S72="ODC",1*O72,I72*O72),3) -> 1 | Q72: 1 | S72: ODC | T72: BU05,VTT,MyViettel,Insource | U72: =IF(AND(Q72>=1,S72="ODC"),P72,Q72) -> 1 | V72: =ROUND(SUMIF($B:$B,B72,P:P),3) -> 1 | W72: =ROUND(SUMIF($B:$B,B72,U:U),3) -> 1 | X72: =ROUND(W72/V72,2) -> 1 | Z72: =COUNTIF($B:$B,B72) -> 1
A73: 62 | B73: 283549 | C73: Dương Thị Hoài | D73: hoaidt10@viettel,com,vn | E73: BU05 - Viễn thông | F73: BA | G73: middle | H73: BA04 | I73: #REF! | J73: 3 | K73: 2024 | L73: 45352 | M73: 45382 | N73: 21 | O73: 1 | P73: =ROUND(IF(S73="ODC",1*O73,I73*O73),3) -> #VALUE! | Q73: 1.976896 | S73: NOT ODC | T73: BU05,VTT,MyViettel | U73: =IF(AND(Q73>=1,S73="ODC"),P73,Q73) -> 1.976896 | V73: =ROUND(SUMIF($B:$B,B73,P:P),3) -> #VALUE! | W73: =ROUND(SUMIF($B:$B,B73,U:U),3) -> 1.977 | X73: =ROUND(W73/V73,2) -> #VALUE! | Z73: =COUNTIF($B:$B,B73) -> 1
A74: 63 | B74: 292225 | C74: Đàm Quang Hiếu | D74: hieudq7@viettel,com,vn | E74: Phòng Quản lý dự án (PMO) | F74: PM | G74: junior | H74: PM02 | I74: #REF! | J74: 3 | K74: 2024 | L74: 45352 | M74: 45382 | N74: 21 | O74: 0.65 | P74: =ROUND(IF(S74="ODC",1*O74,I74*O74),3) -> #VALUE! | Q74: 1.0112 | S74: NOT ODC | T74: BU05,VTT,MyViettel | U74: =IF(AND(Q74>=1,S74="ODC"),P74,Q74) -> 1.0112 | V74: =ROUND(SUMIF($B:$B,B74,P:P),3) -> #VALUE! | W74: =ROUND(SUMIF($B:$B,B74,U:U),3) -> 1.361 | X74: =ROUND(W74/V74,2) -> #VALUE! | Z74: =COUNTIF($B:$B,B74) -> 5
A75: 64 | B75: 293936 | C75: Nguyễn Khắc Tuấn | D75: tuannk6@viettel,com,vn | E75: BU05 - Viễn thông | F75: DEV | G75: junior | H75: DEV02 | I75: #REF! | J75: 3 | K75: 2024 | L75: 45352 | M75: 45382 | N75: 21 | O75: 1 | P75: =ROUND(IF(S75="ODC",1*O75,I75*O75),3) -> #VALUE! | Q75: 0.75 | S75: NOT ODC | T75: BU05,VTT,MyViettel | U75: =IF(AND(Q75>=1,S75="ODC"),P75,Q75) -> 0.75 | V75: =ROUND(SUMIF($B:$B,B75,P:P),3) -> #VALUE! | W75: =ROUND(SUMIF($B:$B,B75,U:U),3) -> 0.75 | X75: =ROUND(W75/V75,2) -> #VALUE! | Z75: =COUNTIF($B:$B,B75) -> 1
A76: 65 | B76: 293942 | C76: Hà Thanh Dung | D76: dunght41@viettel,com,vn | E76: BU05 - Viễn thông | F76: TESTER | G76: junior | H76: TESTER02 | I76: #REF! | J76: 3 | K76: 2024 | L76: 45352 | M76: 45382 | N76: 21 | O76: 1 | P76: =ROUND(IF(S76="ODC",1*O76,I76*O76),3) -> #VALUE! | Q76: 1.12 | S76: NOT ODC | T76: BU05,VTT,MyViettel | U76: =IF(AND(Q76>=1,S76="ODC"),P76,Q76) -> 1.12 | V76: =ROUND(SUMIF($B:$B,B76,P:P),3) -> #VALUE! | W76: =ROUND(SUMIF($B:$B,B76,U:U),3) -> 1.12 | X76: =ROUND(W76/V76,2) -> #VALUE! | Z76: =COUNTIF($B:$B,B76) -> 1
A77: 66 | B77: 430414 | C77: Bùi Đức Thành | D77: thanhbd11@viettel,com,vn | E77: BU05 - Viễn thông | F77: DEV | G77: middle | H77: DEV04 | I77: #REF! | J77: 3 | K77: 2024 | L77: 45352 | M77: 45382 | N77: 21 | O77: 1 | P77: =ROUND(IF(S77="ODC",1*O77,I77*O77),3) -> #VALUE! | Q77: 2.045664 | S77: NOT ODC | T77: BU05,VTT,MyViettel | U77: =IF(AND(Q77>=1,S77="ODC"),P77,Q77) -> 2.045664 | V77: =ROUND(SUMIF($B:$B,B77,P:P),3) -> #VALUE! | W77: =ROUND(SUMIF($B:$B,B77,U:U),3) -> 2.046 | X77: =ROUND(W77/V77,2) -> #VALUE! | Z77: =COUNTIF($B:$B,B77) -> 1
A78: 67 | B78: 430053 | C78: Nguyễn Anh Tuấn | D78: tuanna151@viettel,com,vn | E78: BU05 - Viễn thông | F78: DEV | G78: middle | H78: DEV04 | I78: #REF! | J78: 3 | K78: 2024 | L78: 45352 | M78: 45382 | N78: 21 | O78: 1 | P78: =ROUND(IF(S78="ODC",1*O78,I78*O78),3) -> #VALUE! | Q78: 0.84 | S78: NOT ODC | T78: BU05,VTT,MyViettel | U78: =IF(AND(Q78>=1,S78="ODC"),P78,Q78) -> 0.84 | V78: =ROUND(SUMIF($B:$B,B78,P:P),3) -> #VALUE! | W78: =ROUND(SUMIF($B:$B,B78,U:U),3) -> 0.84 | X78: =ROUND(W78/V78,2) -> #VALUE! | Z78: =COUNTIF($B:$B,B78) -> 1
... A82: 71 | B82: 454803 | C82: Bùi Thị Bích Nguyệt | D82: nguyetbtb@viettel,com,vn | E82: BU05 - Viễn thông | F82: TESTER | G82: junior | H82: TESTER02 | I82: #REF! | J82: 3 | K82: 2024 | L82: 45352 | M82: 45382 | N82: 21 | O82: 1 | P82: =ROUND(IF(S82="ODC",1*O82,I82*O82),3) -> #VALUE! | Q82: 1.1797362 | S82: NOT ODC | T82: BU05,VTT,MyViettel | U82: =IF(AND(Q82>=1,S82="ODC"),P82,Q82) -> 1.1797362 | V82: =ROUND(SUMIF($B:$B,B82,P:P),3) -> #VALUE! | W82: =ROUND(SUMIF($B:$B,B82,U:U),3) -> 1.18 | X82: =ROUND(W82/V82,2) -> #VALUE! | Z82: =COUNTIF($B:$B,B82) -> 1
A83: 72 | B83: 461697 | C83: Tạ Văn Thắng | D83: thangtv37@viettel,com,vn | E83: BU05 - Viễn thông | F83: DEV | G83: middle+ | H83: DEV05 | I83: #REF! | J83: 3 | K83: 2024 | L83: 45376 | M83: 45382 | N83: =NETWORKDAYS(L83,M83) -> 5 | O83: =N83/21 -> 0.23809524 | P83: =ROUND(IF(S83="ODC",1*O83,I83*O83),3) -> #VALUE! | Q83: 0.78 | S83: NOT ODC | T83: BU05,VTT,MyViettel | U83: =IF(AND(Q83>=1,S83="ODC"),P83,Q83) -> 0.78 | V83: =ROUND(SUMIF($B:$B,B83,P:P),3) -> #VALUE! | W83: =ROUND(SUMIF($B:$B,B83,U:U),3) -> 0.78 | X83: =ROUND(W83/V83,2) -> #VALUE! | Z83: =COUNTIF($B:$B,B83) -> 1
A84: 73 | B84: 453227 | C84: Đỗ Nhật Minh | D84: minhdn10@viettel,com,vn | E84: BU05 - Viễn thông | F84: DEV | G84: junior+ | H84: DEV03 | I84: #REF! | J84: 3 | K84: 2024 | L84: 45366 | M84: 45382 | N84: =NETWORKDAYS(L84,M84) -> 11 | O84: =N84/21 -> 0.52380952 | P84: =ROUND(IF(S84="ODC",1*O84,I84*O84),3) -> #VALUE! | Q84: 0.55 | S84: NOT ODC | T84: BU05,VTT,MyViettel | U84: =IF(AND(Q84>=1,S84="ODC"),P84,Q84) -> 0.55 | V84: =ROUND(SUMIF($B:$B,B84,P:P),3) -> #VALUE! | W84: =ROUND(SUMIF($B:$B,B84,U:U),3) -> 0.788 | X84: =ROUND(W84/V84,2) -> #VALUE! | Z84: =COUNTIF($B:$B,B84) -> 2
A85: 74 | B85: 441899 | C85: Phạm Hồng Nhung | D85: nhungph2@viettel,com,vn | E85: BU05 - Viễn thông | F85: TESTER | G85: M+ | H85: TESTER04 | I85: #REF! | J85: 3 | K85: 2024 | L85: 45352 | M85: 45382 | N85: =NETWORKDAYS(L85,M85) -> 21 | O85: =N85/21 -> 1 | P85: =ROUND(IF(S85="ODC",1*O85,I85*O85),3) -> #VALUE! | Q85: 1.55 | S85: NOT ODC | T85: BU05,VTT,VAS | U85: =IF(AND(Q85>=1,S85="ODC"),P85,Q85) -> 1.55 | V85: =ROUND(SUMIF($B:$B,B85,P:P),3) -> #VALUE! | W85: =ROUND(SUMIF($B:$B,B85,U:U),3) -> 1.55 | X85: =ROUND(W85/V85,2) -> #VALUE! | Z85: =COUNTIF($B:$B,B85) -> 1
A86: 75 | B86: 451243 | C86: Trịnh Thuý Hằng | D86: hangtt71@viette,com,vn | E86: BU05 - Viễn thông | F86: TESTER | G86: M | H86: TESTER04 | I86: #REF! | J86: 3 | K86: 2024 | L86: 45352 | M86: 45382 | N86: =NETWORKDAYS(L86,M86) -> 21 | O86: =N86/21 -> 1 | P86: =ROUND(IF(S86="ODC",1*O86,I86*O86),3) -> #VALUE! | Q86: 1.41 | S86: NOT ODC | T86: BU05,VTT,VAS | U86: =IF(AND(Q86>=1,S86="ODC"),P86,Q86) -> 1.41 | V86: =ROUND(SUMIF($B:$B,B86,P:P),3) -> #VALUE! | W86: =ROUND(SUMIF($B:$B,B86,U:U),3) -> 1.41 | X86: =ROUND(W86/V86,2) -> #VALUE! | Z86: =COUNTIF($B:$B,B86) -> 1
A87: 76 | B87: 439198 | C87: Đào Thị Phương | D87: phuongdt58@viettel,com,vn | E87: BU05 - Viễn thông | F87: TESTER | G87: J | H87: TESTER02 | I87: #REF! | J87: 3 | K87: 2024 | L87: 45352 | M87: 45382 | N87: =NETWORKDAYS(L87,M87) -> 21 | O87: =N87/21 -> 1 | P87: =ROUND(IF(S87="ODC",1*O87,I87*O87),3) -> 1 | Q87: 1 | S87: ODC | T87: BU05,VTT,VAS | U87: =IF(AND(Q87>=1,S87="ODC"),P87,Q87) -> 1 | V87: =ROUND(SUMIF($B:$B,B87,P:P),3) -> 1 | W87: =ROUND(SUMIF($B:$B,B87,U:U),3) -> 1 | X87: =ROUND(W87/V87,2) -> 1 | Z87: =COUNTIF($B:$B,B87) -> 1
A88: 77 | B88: 428992 | C88: Ngô Đắc Trung | D88: trungnd43@viettel,com,vn | E88: BU05 - Viễn thông | F88: DEV | G88: M | H88: DEV04 | I88: #REF! | J88: 3 | K88: 2024 | L88: 45352 | M88: 45382 | N88: =NETWORKDAYS(L88,M88) -> 21 | O88: =N88/21 -> 1 | P88: =ROUND(IF(S88="ODC",1*O88,I88*O88),3) -> #VALUE! | Q88: 1.83 | S88: NOT ODC | T88: BU05,VTT,VAS | U88: =IF(AND(Q88>=1,S88="ODC"),P88,Q88) -> 1.83 | V88: =ROUND(SUMIF($B:$B,B88,P:P),3) -> #VALUE! | W88: =ROUND(SUMIF($B:$B,B88,U:U),3) -> 1.83 | X88: =ROUND(W88/V88,2) -> #VALUE! | Z88: =COUNTIF($B:$B,B88) -> 1
A89: 78 | B89: 459055 | C89: Nguyễn Hữu Mạnh | D89: manhnh21@viettel,com,vn | E89: BU05 - Viễn thông | F89: Dev | G89: M | H89: Dev04 | I89: #REF! | J89: 3 | K89: 2024 | L89: 45352 | M89: 45382 | N89: =NETWORKDAYS(L89,M89) -> 21 | O89: =N89/21 -> 1 | P89: =ROUND(IF(S89="ODC",1*O89,I89*O89),3) -> #VALUE! | Q89: 1.59 | S89: NOT ODC | T89: BU05,VTT,VAS | U89: =IF(AND(Q89>=1,S89="ODC"),P89,Q89) -> 1.59 | V89: =ROUND(SUMIF($B:$B,B89,P:P),3) -> #VALUE! | W89: =ROUND(SUMIF($B:$B,B89,U:U),3) -> 1.59 | X89: =ROUND(W89/V89,2) -> #VALUE! | Z89: =COUNTIF($B:$B,B89) -> 1
A90: 79 | B90: 458927 | C90: Nguyễn Nhật Long | D90: longnn22@viettel,com,vn | E90: BU05 - Viễn thông | F90: Dev | G90: M+ | H90: Dev05 | I90: #REF! | J90: 3 | K90: 2024 | L90: 45352 | M90: 45382 | N90: =NETWORKDAYS(L90,M90) -> 21 | O90: =N90/21 -> 1 | P90: =ROUND(IF(S90="ODC",1*O90,I90*O90),3) -> #VALUE! | Q90: 2.03 | S90: NOT ODC | T90: BU05,VTT,VAS | U90: =IF(AND(Q90>=1,S90="ODC"),P90,Q90) -> 2.03 | V90: =ROUND(SUMIF($B:$B,B90,P:P),3) -> #VALUE! | W90: =ROUND(SUMIF($B:$B,B90,U:U),3) -> 2.22 | X90: =ROUND(W90/V90,2) -> #VALUE! | Z90: =COUNTIF($B:$B,B90) -> 2
A91: 80 | B91: 461357 | C91: Trần Thị Quỳnh | D91: quynhtt15@viettel,com,vn | E91: BU05 - Viễn thông | F91: DEV | G91: M | H91: DEV04 | I91: #REF! | J91: 3 | K91: 2024 | L91: 45369 | M91: 45381 | N91: =NETWORKDAYS(L91,M91) -> 10 | O91: =N91/21 -> 0.47619048 | P91: =ROUND(IF(S91="ODC",1*O91,I91*O91),3) -> 0.476 | Q91: 1.19 | S91: ODC | T91: BU05,VTT,VAS | U91: =IF(AND(Q91>=1,S91="ODC"),P91,Q91) -> 0.476 | V91: =ROUND(SUMIF($B:$B,B91,P:P),3) -> 0.476 | W91: =ROUND(SUMIF($B:$B,B91,U:U),3) -> 0.476 | X91: =ROUND(W91/V91,2) -> 1 | Z91: =COUNTIF($B:$B,B91) -> 1
A92: 81 | B92: 458687 | C92: Phạm Thanh Tùng | D92: tungpt44@viettel,com,vn | E92: BU05 - Viễn thông | F92: Dev | G92: J+ | H92: Dev03 | I92: #REF! | J92: 3 | K92: 2024 | L92: 45352 | M92: 45382 | N92: =NETWORKDAYS(L92,M92) -> 21 | O92: =N92/21 -> 1 | P92: =ROUND(IF(S92="ODC",1*O92,I92*O92),3) -> #VALUE! | Q92: 1.36 | S92: NOT ODC | T92: BU05,VTT,VAS | U92: =IF(AND(Q92>=1,S92="ODC"),P92,Q92) -> 1.36 | V92: =ROUND(SUMIF($B:$B,B92,P:P),3) -> #VALUE! | W92: =ROUND(SUMIF($B:$B,B92,U:U),3) -> 1.36 | X92: =ROUND(W92/V92,2) -> #VALUE! | Z92: =COUNTIF($B:$B,B92) -> 1
A93: 82 | B93: 435271 | C93: Nguyễn Trung Hiếu | D93: hieunt125@viettel,com,vn | E93: Phòng Quản lý dự án (PMO) | F93: PM | G93: J | H93: PM02 | I93: #REF! | J93: 3 | K93: 2024 | L93: 45352 | M93: 45382 | N93: =NETWORKDAYS(L93,M93) -> 21 | O93: =N93/21 -> 1 | P93: =ROUND(IF(S93="ODC",1*O93,I93*O93),3) -> #VALUE! | Q93: 1.1 | S93: NOT ODC | T93: BU05,VTT,VAS | U93: =IF(AND(Q93>=1,S93="ODC"),P93,Q93) -> 1.1 | V93: =ROUND(SUMIF($B:$B,B93,P:P),3) -> #VALUE! | W93: =ROUND(SUMIF($B:$B,B93,U:U),3) -> 1.1 | X93: =ROUND(W93/V93,2) -> #VALUE! | Z93: =COUNTIF($B:$B,B93) -> 1
A94: 83 | B94: 453221 | C94: Tạ Thanh Tùng | D94: TUNGTT50@VIETTEL,COM,VN | E94: BU05 - Viễn thông | F94: DEV | G94: J | H94: DEV02 | I94: #REF! | J94: 3 | K94: 2024 | L94: 45352 | M94: 45382 | N94: =NETWORKDAYS(L94,M94) -> 21 | O94: =N94/21 -> 1 | P94: =ROUND(IF(S94="ODC",1*O94,I94*O94),3) -> #VALUE! | Q94: 1 | S94: NOT ODC | T94: BU05,VTT,VAS | U94: =IF(AND(Q94>=1,S94="ODC"),P94,Q94) -> 1 | V94: =ROUND(SUMIF($B:$B,B94,P:P),3) -> #VALUE! | W94: =ROUND(SUMIF($B:$B,B94,U:U),3) -> 1 | X94: =ROUND(W94/V94,2) -> #VALUE! | Z94: =COUNTIF($B:$B,B94) -> 1
A95: 84 | B95: 460549 | C95: Phan Văn Phú | D95: phupv7@viettel,com,vn | E95: BU05 - Viễn thông | F95: DEV | G95: M | H95: DEV04 | I95: #REF! | J95: 3 | K95: 2024 | L95: 45352 | M95: 45382 | N95: =NETWORKDAYS(L95,M95) -> 21 | O95: =N95/21 -> 1 | P95: =ROUND(IF(S95="ODC",1*O95,I95*O95),3) -> #VALUE! | Q95: 1.59 | S95: NOT ODC | T95: BU05,VTT,VAS | U95: =IF(AND(Q95>=1,S95="ODC"),P95,Q95) -> 1.59 | V95: =ROUND(SUMIF($B:$B,B95,P:P),3) -> #VALUE! | W95: =ROUND(SUMIF($B:$B,B95,U:U),3) -> 1.59 | X95: =ROUND(W95/V95,2) -> #VALUE! | Z95: =COUNTIF($B:$B,B95) -> 1
A96: 85 | B96: 461687 | C96: Nguyễn Văn Thảo | D96: thaonv21@viettel,com,vn | E96: BU05 - Viễn thông | F96: DEV | G96: M | H96: DEV04 | I96: #REF! | J96: 3 | K96: 2024 | L96: 45345 | M96: 45351 | N96: =NETWORKDAYS(L96,M96) -> 5 | O96: =N96/21 -> 0.23809524 | P96: =ROUND(IF(S96="ODC",1*O96,I96*O96),3) -> #VALUE! | Q96: 0.379 | S96: NOT ODC | T96: BU05,VTT,VAS | U96: =IF(AND(Q96>=1,S96="ODC"),P96,Q96) -> 0.379 | V96: =ROUND(SUMIF($B:$B,B96,P:P),3) -> #VALUE! | W96: =ROUND(SUMIF($B:$B,B96,U:U),3) -> 0.379 | X96: =ROUND(W96/V96,2) -> #VALUE! | Z96: =COUNTIF($B:$B,B96) -> 1
A97: 86 | B97: 433506 | C97: Vũ Thị Thu Hằng | D97: hangvtt16@viettel,com,vn | E97: BU05 - Viễn thông | F97: TESTER | G97: J | H97: TESTER02 | I97: #REF! | J97: 3 | K97: 2024 | L97: 45347 | M97: 45351 | N97: =NETWORKDAYS(L97,M97) -> 4 | O97: =N97/21 -> 0.19047619 | P97: =ROUND(IF(S97="ODC",1*O97,I97*O97),3) -> #VALUE! | Q97: 0.164 | S97: NOT ODC | T97: BU05,VTT,VAS | U97: =IF(AND(Q97>=1,S97="ODC"),P97,Q97) -> 0.164 | V97: =ROUND(SUMIF($B:$B,B97,P:P),3) -> #VALUE! | W97: =ROUND(SUMIF($B:$B,B97,U:U),3) -> 0.164 | X97: =ROUND(W97/V97,2) -> #VALUE! | Z97: =COUNTIF($B:$B,B97) -> 1
A98: 87 | B98: 461359 | C98: Nguyễn Văn Tiến | D98: tiennv397@viettel,com,vn | E98: BU05 - Viễn thông | F98: Dev | G98: M+ | H98: Dev05 | I98: #REF! | J98: 3 | K98: 2024 | L98: 45369 | M98: 45381 | N98: =NETWORKDAYS(L98,M98)-2.5 -> 7.5 | O98: =N98/21 -> 0.35714286 | P98: =ROUND(IF(S98="ODC",1*O98,I98*O98),3) -> #VALUE! | Q98: 0.725 | S98: NOT ODC | T98: BU05,VTT,Viettelhome | U98: =IF(AND(Q98>=1,S98="ODC"),P98,Q98) -> 0.725 | V98: =ROUND(SUMIF($B:$B,B98,P:P),3) -> #VALUE! | W98: =ROUND(SUMIF($B:$B,B98,U:U),3) -> 0.725 | X98: =ROUND(W98/V98,2) -> #VALUE! | Z98: =COUNTIF($B:$B,B98) -> 1
A99: 88 | B99: 461115 | C99: Nguyễn Văn Vui | D99: vuinv2@viettel,com,vn | E99: BU05 - Viễn thông | F99: Dev | G99: M+ | H99: Dev05 | I99: #REF! | J99: 3 | K99: 2024 | L99: 45358 | M99: 45372 | N99: =NETWORKDAYS(L99,M99) -> 11 | O99: =N99/21 -> 0.52380952 | P99: =ROUND(IF(S99="ODC",1*O99,I99*O99),3) -> #VALUE! | Q99: 0 | S99: NOT ODC | T99: BU05,VTT,VAS | U99: =IF(AND(Q99>=1,S99="ODC"),P99,Q99) -> 0 | V99: =ROUND(SUMIF($B:$B,B99,P:P),3) -> #VALUE! | W99: =ROUND(SUMIF($B:$B,B99,U:U),3) -> 0 | X99: =ROUND(W99/V99,2) -> #VALUE! | Z99: =COUNTIF($B:$B,B99) -> 1
A100: 89 | B100: 461345 | C100: Lưu Văn Tuấn | D100: tuanlv40@viettel,com,vn | E100: BU05 - Viễn thông | F100: Dev | G100: J+ | H100: Dev03 | I100: #REF! | J100: 3 | K100: 2024 | L100: 45369 | M100: 45381 | N100: =NETWORKDAYS(L100,M100) -> 10 | O100: =N100/21 -> 0.47619048 | P100: =ROUND(IF(S100="ODC",1*O100,I100*O100),3) -> #VALUE! | Q100: 0.59 | S100: NOT ODC | T100: BU05,VTT,VAS | U100: =IF(AND(Q100>=1,S100="ODC"),P100,Q100) -> 0.59 | V100: =ROUND(SUMIF($B:$B,B100,P:P),3) -> #VALUE! | W100: =ROUND(SUMIF($B:$B,B100,U:U),3) -> 0.59 | X100: =ROUND(W100/V100,2) -> #VALUE! | Z100: =COUNTIF($B:$B,B100) -> 1
A101: 90 | B101: 458927 | C101: Nguyễn Nhật Long | D101: longnn22@viettel,com,vn | E101: BU05 - Viễn thông | F101: Dev | G101: M+ | H101: Dev05 | I101: #REF! | J101: 3 | K101: 2024 | L101: 45352 | M101: 45382 | N101: 0 | O101: =N101/21 -> 0 | P101: =ROUND(IF(S101="ODC",1*O101,I101*O101),3) -> #VALUE! | Q101: 0.19 | S101: NOT ODC | T101: BU05,VTT,MyViettel | U101: =IF(AND(Q101>=1,S101="ODC"),P101,Q101) -> 0.19 | V101: =ROUND(SUMIF($B:$B,B101,P:P),3) -> #VALUE! | W101: =ROUND(SUMIF($B:$B,B101,U:U),3) -> 2.22 | X101: =ROUND(W101/V101,2) -> #VALUE! | Z101: =COUNTIF($B:$B,B101) -> 2
A102: 91 | B102: 436378 | C102: Lê Vân Trang | D102: tranglv4@viettel,com,vn | E102: BU03 - Dịch vụ ngân hàng và tài chính (BSFI) | F102: BA | G102: J+ | H102: BA03 | I102: #REF! | J102: 3 | K102: 2024 | L102: 45352 | M102: 45382 | N102: 21 | O102: =N102/21 -> 1 | P102: =ROUND(IF(S102="ODC",1*O102,I102*O102),3) -> 1 | Q102: =21/21 -> 1 | S102: ODC | T102: BU03,UNT,Comviva | U102: =IF(AND(Q102>=1,S102="ODC"),P102,Q102) -> 1 | V102: =ROUND(SUMIF($B:$B,B102,P:P),3) -> 1 | W102: =ROUND(SUMIF($B:$B,B102,U:U),3) -> 1 | X102: =ROUND(W102/V102,2) -> 1 | Z102: =COUNTIF($B:$B,B102) -> 1
A103: 92 | B103: 292504 | C103: Nguyễn Hoài Thu | D103: thunh12@viettel,com,vn | E103: BU03 - Dịch vụ ngân hàng và tài chính (BSFI) | F103: BA | G103: M | H103: BA04 | I103: #REF! | J103: 3 | K103: 2024 | L103: 45352 | M103: 45382 | N103: 21 | O103: =N103/21 -> 1 | P103: =ROUND(IF(S103="ODC",1*O103,I103*O103),3) -> 1 | Q103: =21/21 -> 1 | S103: ODC | T103: BU03,UNT,Comviva | U103: =IF(AND(Q103>=1,S103="ODC"),P103,Q103) -> 1 | V103: =ROUND(SUMIF($B:$B,B103,P:P),3) -> 1 | W103: =ROUND(SUMIF($B:$B,B103,U:U),3) -> 1 | X103: =ROUND(W103/V103,2) -> 1 | Z103: =COUNTIF($B:$B,B103) -> 1
A104: 93 | B104: 434037 | C104: Ngô Đức Hưng | D104: hungnd85@viettel,com,vn | E104: BU03 - Dịch vụ ngân hàng và tài chính (BSFI) | F104: DEV | G104: M | H104: DEV04 | I104: #REF! | J104: 3 | K104: 2024 | L104: 45352 | M104: 45382 | N104: 21 | O104: =N104/21 -> 1 | P104: =ROUND(IF(S104="ODC",1*O104,I104*O104),3) -> 1 | Q104: =21/21 -> 1 | S104: ODC | T104: BU03,UNT,Comviva | U104: =IF(AND(Q104>=1,S104="ODC"),P104,Q104) -> 1 | V104: =ROUND(SUMIF($B:$B,B104,P:P),3) -> 1 | W104: =ROUND(SUMIF($B:$B,B104,U:U),3) -> 1 | X104: =ROUND(W104/V104,2) -> 1 | Z104: =COUNTIF($B:$B,B104) -> 1
A105: 94 | B105: 431002 | C105: Nguyễn Hữu Thị Hiếu | D105: hieunht2@viettel,com,vn | E105: BU03 - Dịch vụ ngân hàng và tài chính (BSFI) | F105: DEV | G105: J+ | H105: DEV03 | I105: #REF! | J105: 3 | K105: 2024 | L105: 45352 | M105: 45382 | N105: 21 | O105: =N105/21 -> 1 | P105: =ROUND(IF(S105="ODC",1*O105,I105*O105),3) -> 1 | Q105: =21/21 -> 1 | S105: ODC | T105: BU03,UNT,Comviva | U105: =IF(AND(Q105>=1,S105="ODC"),P105,Q105) -> 1 | V105: =ROUND(SUMIF($B:$B,B105,P:P),3) -> 1 | W105: =ROUND(SUMIF($B:$B,B105,U:U),3) -> 1 | X105: =ROUND(W105/V105,2) -> 1 | Z105: =COUNTIF($B:$B,B105) -> 1
A106: 95 | B106: 431003 | C106: Nguyễn Thanh Hòa | D106: hoant230@viettel,com,vn | E106: BU03 - Dịch vụ ngân hàng và tài chính (BSFI) | F106: DEV | G106: M | H106: DEV04 | I106: #REF! | J106: 3 | K106: 2024 | L106: 45352 | M106: 45382 | N106: 21 | O106: =N106/21 -> 1 | P106: =ROUND(IF(S106="ODC",1*O106,I106*O106),3) -> 1 | Q106: =21/21 -> 1 | S106: ODC | T106: BU03,UNT,Comviva | U106: =IF(AND(Q106>=1,S106="ODC"),P106,Q106) -> 1 | V106: =ROUND(SUMIF($B:$B,B106,P:P),3) -> 1 | W106: =ROUND(SUMIF($B:$B,B106,U:U),3) -> 1 | X106: =ROUND(W106/V106,2) -> 1 | Z106: =COUNTIF($B:$B,B106) -> 1
A107: 96 | B107: 291769 | C107: Phan Minh Chiến | D107: chienpm1@viettel,com,vn | E107: BU03 - Dịch vụ ngân hàng và tài chính (BSFI) | F107: DEV | G107: M | H107: DEV04 | I107: #REF! | J107: 3 | K107: 2024 | L107: 45352 | M107: 45382 | N107: 21 | O107: =N107/21 -> 1 | P107: =ROUND(IF(S107="ODC",1*O107,I107*O107),3) -> 1 | Q107: =21/21 -> 1 | S107: ODC | T107: BU03,UNT,Comviva | U107: =IF(AND(Q107>=1,S107="ODC"),P107,Q107) -> 1 | V107: =ROUND(SUMIF($B:$B,B107,P:P),3) -> 1 | W107: =ROUND(SUMIF($B:$B,B107,U:U),3) -> 1 | X107: =ROUND(W107/V107,2) -> 1
A108: 97 | B108: 277356 | C108: Vũ Thanh Tùng | D108: tungvt24@viettel,com,vn | E108: BU03 - Dịch vụ ngân hàng và tài chính (BSFI) | F108: DEV | G108: M | H108: DEV04 | I108: #REF! | J108: 3 | K108: 2024 | L108: 45352 | M108: 45382 | N108: 21 | O108: =N108/21 -> 1 | P108: =ROUND(IF(S108="ODC",1*O108,I108*O108),3) -> 1 | Q108: =21/21 -> 1 | S108: ODC | T108: BU03,UNT,Comviva | U108: =IF(AND(Q108>=1,S108="ODC"),P108,Q108) -> 1 | V108: =ROUND(SUMIF($B:$B,B108,P:P),3) -> 1 | W108: =ROUND(SUMIF($B:$B,B108,U:U),3) -> 1 | X108: =ROUND(W108/V108,2) -> 1 | Z108: =COUNTIF($B:$B,B108) -> 1
A109: 98 | B109: 439833 | C109: Đào Thị Thương | D109: thuongdt15@viettel,com,vn | E109: BU03 - Dịch vụ ngân hàng và tài chính (BSFI) | F109: Tester | G109: M | H109: Tester04 | I109: #REF! | J109: 3 | K109: 2024 | L109: 45352 | M109: 45382 | N109: 21 | O109: =N109/21 -> 1 | P109: =ROUND(IF(S109="ODC",1*O109,I109*O109),3) -> 1 | Q109: =21/21 -> 1 | S109: ODC | T109: BU03,UNT,Comviva | U109: =IF(AND(Q109>=1,S109="ODC"),P109,Q109) -> 1 | V109: =ROUND(SUMIF($B:$B,B109,P:P),3) -> 1 | W109: =ROUND(SUMIF($B:$B,B109,U:U),3) -> 1 | X109: =ROUND(W109/V109,2) -> 1 | Z109: =COUNTIF($B:$B,B109) -> 1
A110: 99 | B110: 275897 | C110: Nguyễn Thị Nhung | D110: nhungnt110@viettel,com,vn | E110: BU03 - Dịch vụ ngân hàng và tài chính (BSFI) | F110: Tester | G110: J | H110: Tester02 | I110: #REF! | J110: 3 | K110: 2024 | L110: 45352 | M110: 45382 | N110: 21 | O110: =N110/21 -> 1 | P110: =ROUND(IF(S110="ODC",1*O110,I110*O110),3) -> 1 | Q110: =21/21 -> 1 | S110: ODC | T110: BU03,UNT,Comviva | U110: =IF(AND(Q110>=1,S110="ODC"),P110,Q110) -> 1 | V110: =ROUND(SUMIF($B:$B,B110,P:P),3) -> 1 | W110: =ROUND(SUMIF($B:$B,B110,U:U),3) -> 1 | X110: =ROUND(W110/V110,2) -> 1 | Z110: =COUNTIF($B:$B,B110) -> 1
A111: 100 | B111: 431985 | C111: Phùng Thị Hồng Uyên | D111: uyenpth5@viettel,com,vn | E111: BU03 - Dịch vụ ngân hàng và tài chính (BSFI) | F111: Tester | G111: M | H111: Tester04 | I111: #REF! | J111: 3 | K111: 2024 | L111: 45352 | M111: 45382 | N111: 21 | O111: =N111/21 -> 1 | P111: =ROUND(IF(S111="ODC",1*O111,I111*O111),3) -> 1 | Q111: =17/21 -> 0.80952381 | S111: ODC | T111: BU03,UNT,Comviva | U111: =IF(AND(Q111>=1,S111="ODC"),P111,Q111) -> 0.80952381 | V111: =ROUND(SUMIF($B:$B,B111,P:P),3) -> 1 | W111: =ROUND(SUMIF($B:$B,B111,U:U),3) -> 0.81 | X111: =ROUND(W111/V111,2) -> 0.81 | Y111: Nghỉ ốm | Z111: =COUNTIF($B:$B,B111) -> 1
A112: 101 | B112: 431706 | C112: Vũ Thị Hiền | D112: hienvt26@viettel,com,vn | E112: BU03 - Dịch vụ ngân hàng và tài chính (BSFI) | F112: Tester | G112: M | H112: Tester04 | I112: #REF! | J112: 3 | K112: 2024 | L112: 45352 | M112: 45382 | N112: 21 | O112: =N112/21 -> 1 | P112: =ROUND(IF(S112="ODC",1*O112,I112*O112),3) -> 1 | Q112: =21/21 -> 1 | S112: ODC | T112: BU03,UNT,Comviva | U112: =IF(AND(Q112>=1,S112="ODC"),P112,Q112) -> 1 | V112: =ROUND(SUMIF($B:$B,B112,P:P),3) -> 1 | W112: =ROUND(SUMIF($B:$B,B112,U:U),3) -> 1 | X112: =ROUND(W112/V112,2) -> 1 | Z112: =COUNTIF($B:$B,B112) -> 1
...

Sheet Tổng hợp NLTH tháng 04.2024
AC1: 10000 | AE1: Vlookup vào file lương
A2: STT | B2: Mã NV | C2: Tên nhân viên trên Jira | D2: Email | E2: Phòng/ban | F2: Role | G2: Level | H2: Mã chức danh | I2: Tiêu chuẩn (MM) | J2: Tháng | K2: Năm | L2: Ngày bắt đầu | M2: Ngày kết thúc | N2: Ngày công dự án | O2: Tỉ lệ công theo quá trình | P2: Nỗ lực tiêu chuẩn tháng | Q2: Nỗ lực thực hiện tháng BU gửi | R2: Nỗ lực ngoài sản xuất | S2: Dự án ODC | T2: Mã dự án | U2: Nỗ lực thực hiện chốt tính lương từng quá trình | V2: Nỗ lực tiêu chuẩn tổng các quá trình | W2: Nỗ lực thực hiện chốt tính lương tổng các quá trình | X2: Hệ số K | Y2: Hệ số theo tỉ lệ công cột O | Z2: LDATC | AA2: LDATC *HC theo quá trình | AB2: LDA tách theo quá trình | AC2: Thưởng dự án tách theo quá trình | AD2: Tổng lương dự án tách theo quá trình | AE2: Tổng lương dự án tổng các quá trình | AF2: Làm 2 dự án khác loại
A3: 1 | B3: 436378 | C3: Lê Vân Trang | D3: tranglv4@viettel,com,vn | E3: BU03 - Dịch vụ ngân hàng và tài chính (BSFI) | F3: BA | G3: J+ | H3: BA03 | I3: =VLOOKUP(H3,NLTC!$C$5:$D$28,2,0) -> #REF! | J3: 4 | K3: 2024 | L3: 45383 | M3: 45412 | N3: 22 | O3: =N3/22 -> 1 | P3: =ROUND(IF(S3="ODC",1*O3,I3*O3),3) -> 1 | Q3: =22/22 -> 1 | S3: ODC | T3: BU03,UNT,Comviva | U3: =IF(AND(Q3>=1,S3="ODC"),P3,Q3) -> 1 | V3: =ROUND(SUMIF($B:$B,B3,P:P),3) -> 1 | W3: =ROUND(SUMIF($B:$B,B3,U:U),3) -> 1 | X3: =ROUND(W3/V3,2) -> 1 | Y3: =SUMIF(B:B,B3,O:O) -> 1 | Z3: =VLOOKUP(H3,NLTC!$C$5:$H$271,6,0)/1000 -> #REF! | AA3: =ROUND(IF(X3<=1,AB3*O3*X3,AB3*O3),0) -> #REF! | AB3: =ROUND(IF(X3<=1,Z3*O3*X3,Z3*O3),0) -> #REF! | AC3: =ROUND(IF(X3>1,(W3-V3)*$AC$1,0)*(O3/Y3),0) -> 0 | AD3: =+ROUND(AB3+AC3,0) -> #REF! | AE3: =SUMIF(B:B,B3,AD:AD) -> #REF!
A4: 2 | B4: 292504 | C4: Nguyễn Hoài Thu | D4: thunh12@viettel,com,vn | E4: BU03 - Dịch vụ ngân hàng và tài chính (BSFI) | F4: BA | G4: M | H4: BA04 | I4: =VLOOKUP(H4,NLTC!$C$5:$D$28,2,0) -> #REF! | J4: 4 | K4: 2024 | L4: 45383 | M4: 45412 | N4: 22 | O4: =N4/22 -> 1 | P4: =ROUND(IF(S4="ODC",1*O4,I4*O4),3) -> 1 | Q4: =22/22 -> 1 | S4: ODC | T4: BU03,UNT,Comviva | U4: =IF(AND(Q4>=1,S4="ODC"),P4,Q4) -> 1 | V4: =ROUND(SUMIF($B:$B,B4,P:P),3) -> 1 | W4: =ROUND(SUMIF($B:$B,B4,U:U),3) -> 1 | X4: =ROUND(W4/V4,2) -> 1 | Y4: =SUMIF(B:B,B4,O:O) -> 1 | Z4: =VLOOKUP(H4,NLTC!$C$5:$H$271,6,0)/1000 -> #REF! | AA4: =ROUND(IF(X4<=1,AB4*O4*X4,AB4*O4),0) -> #REF! | AB4: =ROUND(IF(X4<=1,Z4*O4*X4,Z4*O4),0) -> #REF! | AC4: =ROUND(IF(X4>1,(W4-V4)*$AC$1,0)*(O4/Y4),0) -> 0 | AD4: =+ROUND(AB4+AC4,0) -> #REF! | AE4: =SUMIF(B:B,B4,AD:AD) -> #REF!
A5: 3 | B5: 434037 | C5: Ngô Đức Hưng | D5: hungnd85@viettel,com,vn | E5: BU03 - Dịch vụ ngân hàng và tài chính (BSFI) | F5: DEV | G5: M | H5: DEV04 | I5: =VLOOKUP(H5,NLTC!$C$5:$D$28,2,0) -> #REF! | J5: 4 | K5: 2024 | L5: 45383 | M5: 45412 | N5: 22 | O5: =N5/22 -> 1 | P5: =ROUND(IF(S5="ODC",1*O5,I5*O5),3) -> 1 | Q5: =20/22 -> 0.90909091 | S5: ODC | T5: BU03,UNT,Comviva | U5: =IF(AND(Q5>=1,S5="ODC"),P5,Q5) -> 0.90909091 | V5: =ROUND(SUMIF($B:$B,B5,P:P),3) -> 1 | W5: =ROUND(SUMIF($B:$B,B5,U:U),3) -> 0.909 | X5: =ROUND(W5/V5,2) -> 0.91 | Y5: =SUMIF(B:B,B5,O:O) -> 1 | Z5: =VLOOKUP(H5,NLTC!$C$5:$H$271,6,0)/1000 -> #REF! | AA5: =ROUND(IF(X5<=1,AB5*O5*X5,AB5*O5),0) -> #REF! | AB5: =ROUND(IF(X5<=1,Z5*O5*X5,Z5*O5),0) -> #REF! | AC5: =ROUND(IF(X5>1,(W5-V5)*$AC$1,0)*(O5/Y5),0) -> 0 | AD5: =+ROUND(AB5+AC5,0) -> #REF! | AE5: =SUMIF(B:B,B5,AD:AD) -> #REF!
A6: 4 | B6: 431002 | C6: Nguyễn Hữu Thị Hiếu | D6: hieunht2@viettel,com,vn | E6: BU03 - Dịch vụ ngân hàng và tài chính (BSFI) | F6: DEV | G6: J+ | H6: DEV03 | I6: =VLOOKUP(H6,NLTC!$C$5:$D$28,2,0) -> #REF! | J6: 4 | K6: 2024 | L6: 45383 | M6: 45412 | N6: 22 | O6: =N6/22 -> 1 | P6: =ROUND(IF(S6="ODC",1*O6,I6*O6),3) -> 1 | Q6: =22/22 -> 1 | S6: ODC | T6: BU03,UNT,Comviva | U6: =IF(AND(Q6>=1,S6="ODC"),P6,Q6) -> 1 | V6: =ROUND(SUMIF($B:$B,B6,P:P),3) -> 1 | W6: =ROUND(SUMIF($B:$B,B6,U:U),3) -> 1 | X6: =ROUND(W6/V6,2) -> 1 | Y6: =SUMIF(B:B,B6,O:O) -> 1 | Z6: =VLOOKUP(H6,NLTC!$C$5:$H$271,6,0)/1000 -> #REF! | AA6: =ROUND(IF(X6<=1,AB6*O6*X6,AB6*O6),0) -> #REF! | AB6: =ROUND(IF(X6<=1,Z6*O6*X6,Z6*O6),0) -> #REF! | AC6: =ROUND(IF(X6>1,(W6-V6)*$AC$1,0)*(O6/Y6),0) -> 0 | AD6: =+ROUND(AB6+AC6,0) -> #REF! | AE6: =SUMIF(B:B,B6,AD:AD) -> #REF!
A7: 5 | B7: 431003 | C7: Nguyễn Thanh Hòa | D7: hoant230@viettel,com,vn | E7: BU03 - Dịch vụ ngân hàng và tài chính (BSFI) | F7: DEV | G7: M | H7: DEV04 | I7: =VLOOKUP(H7,NLTC!$C$5:$D$28,2,0) -> #REF! | J7: 4 | K7: 2024 | L7: 45383 | M7: 45412 | N7: 22 | O7: =N7/22 -> 1 | P7: =ROUND(IF(S7="ODC",1*O7,I7*O7),3) -> 1 | Q7: =22/22 -> 1 | S7: ODC | T7: BU03,UNT,Comviva | U7: =IF(AND(Q7>=1,S7="ODC"),P7,Q7) -> 1 | V7: =ROUND(SUMIF($B:$B,B7,P:P),3) -> 1 | W7: =ROUND(SUMIF($B:$B,B7,U:U),3) -> 1 | X7: =ROUND(W7/V7,2) -> 1 | Y7: =SUMIF(B:B,B7,O:O) -> 1 | Z7: =VLOOKUP(H7,NLTC!$C$5:$H$271,6,0)/1000 -> #REF! | AA7: =ROUND(IF(X7<=1,AB7*O7*X7,AB7*O7),0) -> #REF! | AB7: =ROUND(IF(X7<=1,Z7*O7*X7,Z7*O7),0) -> #REF! | AC7: =ROUND(IF(X7>1,(W7-V7)*$AC$1,0)*(O7/Y7),0) -> 0 | AD7: =+ROUND(AB7+AC7,0) -> #REF! | AE7: =SUMIF(B:B,B7,AD:AD) -> #REF!
A8: 6 | B8: 291769 | C8: Phan Minh Chiến | D8: chienpm1@viettel,com,vn | E8: BU03 - Dịch vụ ngân hàng và tài chính (BSFI) | F8: DEV | G8: M | H8: DEV04 | I8: =VLOOKUP(H8,NLTC!$C$5:$D$28,2,0) -> #REF! | J8: 4 | K8: 2024 | L8: 45383 | M8: 45412 | N8: 22 | O8: =N8/22 -> 1 | P8: =ROUND(IF(S8="ODC",1*O8,I8*O8),3) -> 1 | Q8: =22/22 -> 1 | S8: ODC | T8: BU03,UNT,Comviva | U8: =IF(AND(Q8>=1,S8="ODC"),P8,Q8) -> 1 | V8: =ROUND(SUMIF($B:$B,B8,P:P),3) -> 1 | W8: =ROUND(SUMIF($B:$B,B8,U:U),3) -> 1 | X8: =ROUND(W8/V8,2) -> 1 | Y8: =SUMIF(B:B,B8,O:O) -> 1 | Z8: =VLOOKUP(H8,NLTC!$C$5:$H$271,6,0)/1000 -> #REF! | AA8: =ROUND(IF(X8<=1,AB8*O8*X8,AB8*O8),0) -> #REF! | AB8: =ROUND(IF(X8<=1,Z8*O8*X8,Z8*O8),0) -> #REF! | AC8: =ROUND(IF(X8>1,(W8-V8)*$AC$1,0)*(O8/Y8),0) -> 0 | AD8: =+ROUND(AB8+AC8,0) -> #REF! | AE8: =SUMIF(B:B,B8,AD:AD) -> #REF!
A9: 7 | B9: 277356 | C9: Vũ Thanh Tùng | D9: tungvt24@viettel,com,vn | E9: BU03 - Dịch vụ ngân hàng và tài chính (BSFI) | F9: DEV | G9: M | H9: DEV04 | I9: =VLOOKUP(H9,NLTC!$C$5:$D$28,2,0) -> #REF! | J9: 4 | K9: 2024 | L9: 45383 | M9: 45412 | N9: 22 | O9: =N9/22 -> 1 | P9: =ROUND(IF(S9="ODC",1*O9,I9*O9),3) -> 1 | Q9: =22/22 -> 1 | S9: ODC | T9: BU03,UNT,Comviva | U9: =IF(AND(Q9>=1,S9="ODC"),P9,Q9) -> 1 | V9: =ROUND(SUMIF($B:$B,B9,P:P),3) -> 1 | W9: =ROUND(SUMIF($B:$B,B9,U:U),3) -> 1 | X9: =ROUND(W9/V9,2) -> 1 | Y9: =SUMIF(B:B,B9,O:O) -> 1 | Z9: =VLOOKUP(H9,NLTC!$C$5:$H$271,6,0)/1000 -> #REF! | AA9: =ROUND(IF(X9<=1,AB9*O9*X9,AB9*O9),0) -> #REF! | AB9: =ROUND(IF(X9<=1,Z9*O9*X9,Z9*O9),0) -> #REF! | AC9: =ROUND(IF(X9>1,(W9-V9)*$AC$1,0)*(O9/Y9),0) -> 0 | AD9: =+ROUND(AB9+AC9,0) -> #REF! | AE9: =SUMIF(B:B,B9,AD:AD) -> #REF!
A10: 8 | B10: 439833 | C10: Đào Thị Thương | D10: thuongdt15@viettel,com,vn | E10: BU03 - Dịch vụ ngân hàng và tài chính (BSFI) | F10: Tester | G10: M | H10: Tester04 | I10: =VLOOKUP(H10,NLTC!$C$5:$D$28,2,0) -> #REF! | J10: 4 | K10: 2024 | L10: 45383 | M10: 45412 | N10: 22 | O10: =N10/22 -> 1 | P10: =ROUND(IF(S10="ODC",1*O10,I10*O10),3) -> 1 | Q10: =22/22 -> 1 | S10: ODC | T10: BU03,UNT,Comviva | U10: =IF(AND(Q10>=1,S10="ODC"),P10,Q10) -> 1 | V10: =ROUND(SUMIF($B:$B,B10,P:P),3) -> 1 | W10: =ROUND(SUMIF($B:$B,B10,U:U),3) -> 1 | X10: =ROUND(W10/V10,2) -> 1 | Y10: =SUMIF(B:B,B10,O:O) -> 1 | Z10: =VLOOKUP(H10,NLTC!$C$5:$H$271,6,0)/1000 -> #REF! | AA10: =ROUND(IF(X10<=1,AB10*O10*X10,AB10*O10),0) -> #REF! | AB10: =ROUND(IF(X10<=1,Z10*O10*X10,Z10*O10),0) -> #REF! | AC10: =ROUND(IF(X10>1,(W10-V10)*$AC$1,0)*(O10/Y10),0) -> 0 | AD10: =+ROUND(AB10+AC10,0) -> #REF! | AE10: =SUMIF(B:B,B10,AD:AD) -> #REF!
A11: 9 | B11: 275897 | C11: Nguyễn Thị Nhung | D11: nhungnt110@viettel,com,vn | E11: BU03 - Dịch vụ ngân hàng và tài chính (BSFI) | F11: Tester | G11: J | H11: Tester02 | I11: =VLOOKUP(H11,NLTC!$C$5:$D$28,2,0) -> #REF! | J11: 4 | K11: 2024 | L11: 45383 | M11: 45412 | N11: 22 | O11: =N11/22 -> 1 | P11: =ROUND(IF(S11="ODC",1*O11,I11*O11),3) -> 1 | Q11: =22/22 -> 1 | S11: ODC | T11: BU03,UNT,Comviva | U11: =IF(AND(Q11>=1,S11="ODC"),P11,Q11) -> 1 | V11: =ROUND(SUMIF($B:$B,B11,P:P),3) -> 1 | W11: =ROUND(SUMIF($B:$B,B11,U:U),3) -> 1 | X11: =ROUND(W11/V11,2) -> 1 | Y11: =SUMIF(B:B,B11,O:O) -> 1 | Z11: =VLOOKUP(H11,NLTC!$C$5:$H$271,6,0)/1000 -> #REF! | AA11: =ROUND(IF(X11<=1,AB11*O11*X11,AB11*O11),0) -> #REF! | AB11: =ROUND(IF(X11<=1,Z11*O11*X11,Z11*O11),0) -> #REF! | AC11: =ROUND(IF(X11>1,(W11-V11)*$AC$1,0)*(O11/Y11),0) -> 0 | AD11: =+ROUND(AB11+AC11,0) -> #REF! | AE11: =SUMIF(B:B,B11,AD:AD) -> #REF!
A12: 10 | B12: 431985 | C12: Phùng Thị Hồng Uyên | D12: uyenpth5@viettel,com,vn | E12: BU03 - Dịch vụ ngân hàng và tài chính (BSFI) | F12: Tester | G12: M | H12: Tester04 | I12: =VLOOKUP(H12,NLTC!$C$5:$D$28,2,0) -> #REF! | J12: 4 | K12: 2024 | L12: 45383 | M12: 45412 | N12: 6 | O12: =N12/22 -> 0.27272727 | P12: =ROUND(IF(S12="ODC",1*O12,I12*O12),3) -> 0.273 | Q12: =5/19 -> 0.26315789 | S12: ODC | T12: BU03,UNT,Comviva | U12: =IF(AND(Q12>=1,S12="ODC"),P12,Q12) -> 0.26315789 | V12: =ROUND(SUMIF($B:$B,B12,P:P),3) -> 0.273 | W12: =ROUND(SUMIF($B:$B,B12,U:U),3) -> 0.263 | X12: =ROUND(W12/V12,2) -> 0.96 | Y12: =SUMIF(B:B,B12,O:O) -> 0.27272727 | Z12: =VLOOKUP(H12,NLTC!$C$5:$H$271,6,0)/1000 -> #REF! | AA12: =ROUND(IF(X12<=1,AB12*O12*X12,AB12*O12),0) -> #REF! | AB12: =ROUND(IF(X12<=1,Z12*O12*X12,Z12*O12),0) -> #REF! | AC12: =ROUND(IF(X12>1,(W12-V12)*$AC$1,0)*(O12/Y12),0) -> 0 | AD12: =+ROUND(AB12+AC12,0) -> #REF! | AE12: =SUMIF(B:B,B12,AD:AD) -> #REF!
A13: 11 | B13: 431706 | C13: Vũ Thị Hiền | D13: hienvt26@viettel,com,vn | E13: BU03 - Dịch vụ ngân hàng và tài chính (BSFI) | F13: Tester | G13: M | H13: Tester04 | I13: =VLOOKUP(H13,NLTC!$C$5:$D$28,2,0) -> #REF! | J13: 4 | K13: 2024 | L13: 45383 | M13: 45412 | N13: 22 | O13: =N13/22 -> 1 | P13: =ROUND(IF(S13="ODC",1*O13,I13*O13),3) -> 1 | Q13: =22/22 -> 1 | S13: ODC | T13: BU03,UNT,Comviva | U13: =IF(AND(Q13>=1,S13="ODC"),P13,Q13) -> 1 | V13: =ROUND(SUMIF($B:$B,B13,P:P),3) -> 1 | W13: =ROUND(SUMIF($B:$B,B13,U:U),3) -> 1 | X13: =ROUND(W13/V13,2) -> 1 | Y13: =SUMIF(B:B,B13,O:O) -> 1 | Z13: =VLOOKUP(H13,NLTC!$C$5:$H$271,6,0)/1000 -> #REF! | AA13: =ROUND(IF(X13<=1,AB13*O13*X13,AB13*O13),0) -> #REF! | AB13: =ROUND(IF(X13<=1,Z13*O13*X13,Z13*O13),0) -> #REF! | AC13: =ROUND(IF(X13>1,(W13-V13)*$AC$1,0)*(O13/Y13),0) -> 0 | AD13: =+ROUND(AB13+AC13,0) -> #REF! | AE13: =SUMIF(B:B,B13,AD:AD) -> #REF!
A14: 12 | B14: 281067 | C14: Nguyễn Văn Lực | D14: lucnv11@viettel,com,vn | E14: Phòng Quản lý dự án (PMO) | F14: PM | G14: M | H14: PM04 | I14: =VLOOKUP(H14,NLTC!$C$5:$D$28,2,0) -> #REF! | J14: 4 | K14: 2024 | L14: 45383 | M14: 45412 | N14: =22*0.3 -> 6.6 | O14: =N14/22 -> 0.3 | P14: =ROUND(IF(S14="ODC",1*O14,I14*O14),3) -> 0.3 | Q14: =22*0.3/22 -> 0.3 | S14: ODC | T14: BU03,UNT,Comviva | U14: =IF(AND(Q14>=1,S14="ODC"),P14,Q14) -> 0.3 | V14: =ROUND(SUMIF($B:$B,B14,P:P),3) -> #REF! | W14: =ROUND(SUMIF($B:$B,B14,U:U),3) -> 1.236 | X14: =ROUND(W14/V14,2) -> #REF! | Y14: =SUMIF(B:B,B14,O:O) -> 1 | Z14: =VLOOKUP(H14,NLTC!$C$5:$H$271,6,0)/1000 -> #REF! | AA14: =ROUND(IF(X14<=1,AB14*O14*X14,AB14*O14),0) -> #REF! | AB14: =ROUND(IF(X14<=1,Z14*O14*X14,Z14*O14),0) -> #REF! | AC14: =ROUND(IF(X14>1,(W14-V14)*$AC$1,0)*(O14/Y14),0) -> #REF! | AD14: =+ROUND(AB14+AC14,0) -> #REF! | AE14: =SUMIF(B:B,B14,AD:AD) -> #REF!
A15: 13 | B15: 428988 | C15: Đỗ Nguyệt Hà | D15: hadn12@viettel,com,vn | E15: BU03 - Dịch vụ ngân hàng và tài chính (BSFI) | F15: BA | G15: J+ | H15: BA03 | I15: =VLOOKUP(H15,NLTC!$C$5:$D$28,2,0) -> #REF! | J15: 4 | K15: 2024 | L15: 45383 | M15: 45412 | N15: 22 | O15: =N15/22 -> 1 | P15: =ROUND(IF(S15="ODC",1*O15,I15*O15),3) -> 1 | Q15: =22/22 -> 1 | S15: ODC | T15: BU03,VDS,ViThiTruong (OSDC) | U15: =IF(AND(Q15>=1,S15="ODC"),P15,Q15) -> 1 | V15: =ROUND(SUMIF($B:$B,B15,P:P),3) -> 1 | W15: =ROUND(SUMIF($B:$B,B15,U:U),3) -> 1 | X15: =ROUND(W15/V15,2) -> 1 | Y15: =SUMIF(B:B,B15,O:O) -> 1 | Z15: =VLOOKUP(H15,NLTC!$C$5:$H$271,6,0)/1000 -> #REF! | AA15: =ROUND(IF(X15<=1,AB15*O15*X15,AB15*O15),0) -> #REF! | AB15: =ROUND(IF(X15<=1,Z15*O15*X15,Z15*O15),0) -> #REF! | AC15: =ROUND(IF(X15>1,(W15-V15)*$AC$1,0)*(O15/Y15),0) -> 0 | AD15: =+ROUND(AB15+AC15,0) -> #REF! | AE15: =SUMIF(B:B,B15,AD:AD) -> #REF!
A16: 14 | B16: 428990 | C16: Nguyễn Thị Huệ Thương | D16: thuongnth9@viettel,com,vn | E16: BU03 - Dịch vụ ngân hàng và tài chính (BSFI) | F16: BA | G16: J+ | H16: BA03 | I16: =VLOOKUP(H16,NLTC!$C$5:$D$28,2,0) -> #REF! | J16: 4 | K16: 2024 | L16: 45383 | M16: 45412 | N16: 22 | O16: =N16/22 -> 1 | P16: =ROUND(IF(S16="ODC",1*O16,I16*O16),3) -> 1 | Q16: =22/22 -> 1 | S16: ODC | T16: BU03,VDS,ViThiTruong (OSDC) | U16: =IF(AND(Q16>=1,S16="ODC"),P16,Q16) -> 1 | V16: =ROUND(SUMIF($B:$B,B16,P:P),3) -> 1 | W16: =ROUND(SUMIF($B:$B,B16,U:U),3) -> 1 | X16: =ROUND(W16/V16,2) -> 1 | Y16: =SUMIF(B:B,B16,O:O) -> 1 | Z16: =VLOOKUP(H16,NLTC!$C$5:$H$271,6,0)/1000 -> #REF! | AA16: =ROUND(IF(X16<=1,AB16*O16*X16,AB16*O16),0) -> #REF! | AB16: =ROUND(IF(X16<=1,Z16*O16*X16,Z16*O16),0) -> #REF! | AC16: =ROUND(IF(X16>1,(W16-V16)*$AC$1,0)*(O16/Y16),0) -> 0 | AD16: =+ROUND(AB16+AC16,0) -> #REF! | AE16: =SUMIF(B:B,B16,AD:AD) -> #REF!
A17: 15 | B17: 439478 | C17: Nguyễn Hải Anh | D17: anhnh149@viettel,com,vn | E17: BU03 - Dịch vụ ngân hàng và tài chính (BSFI) | F17: BA | G17: J | H17: BA02 | I17: =VLOOKUP(H17,NLTC!$C$5:$D$28,2,0) -> #REF! | J17: 4 | K17: 2024 | L17: 45383 | M17: 45412 | N17: 22 | O17: =N17/22 -> 1 | P17: =ROUND(IF(S17="ODC",1*O17,I17*O17),3) -> 1 | Q17: =22/22 -> 1 | S17: ODC | T17: BU03,VDS,ViThiTruong (OSDC) | U17: =IF(AND(Q17>=1,S17="ODC"),P17,Q17) -> 1 | V17: =ROUND(SUMIF($B:$B,B17,P:P),3) -> 1 | W17: =ROUND(SUMIF($B:$B,B17,U:U),3) -> 1 | X17: =ROUND(W17/V17,2) -> 1 | Y17: =SUMIF(B:B,B17,O:O) -> 1 | Z17: =VLOOKUP(H17,NLTC!$C$5:$H$271,6,0)/1000 -> #REF! | AA17: =ROUND(IF(X17<=1,AB17*O17*X17,AB17*O17),0) -> #REF! | AB17: =ROUND(IF(X17<=1,Z17*O17*X17,Z17*O17),0) -> #REF! | AC17: =ROUND(IF(X17>1,(W17-V17)*$AC$1,0)*(O17/Y17),0) -> 0 | AD17: =+ROUND(AB17+AC17,0) -> #REF! | AE17: =SUMIF(B:B,B17,AD:AD) -> #REF!
A18: 16 | B18: 429576 | C18: Nguyễn Thị Hồng | D18: HongNT89@viettel,com,vn | E18: BU03 - Dịch vụ ngân hàng và tài chính (BSFI) | F18: Tester | G18: J+ | H18: Tester03 | I18: =VLOOKUP(H18,NLTC!$C$5:$D$28,2,0) -> #REF! | J18: 4 | K18: 2024 | L18: 45383 | M18: 45412 | N18: 22 | O18: =N18/22 -> 1 | P18: =ROUND(IF(S18="ODC",1*O18,I18*O18),3) -> 1 | Q18: =18/22 -> 0.81818182 | S18: ODC | T18: BU03,VDS,ViThiTruong (OSDC) | U18: =IF(AND(Q18>=1,S18="ODC"),P18,Q18) -> 0.81818182 | V18: =ROUND(SUMIF($B:$B,B18,P:P),3) -> #REF! | W18: =ROUND(SUMIF($B:$B,B18,U:U),3) -> 0.818 | X18: =ROUND(W18/V18,2) -> #REF! | Y18: =SUMIF(B:B,B18,O:O) -> 1.1818182 | Z18: =VLOOKUP(H18,NLTC!$C$5:$H$271,6,0)/1000 -> #REF! | AA18: =ROUND(IF(X18<=1,AB18*O18*X18,AB18*O18),0) -> #REF! | AB18: =ROUND(IF(X18<=1,Z18*O18*X18,Z18*O18),0) -> #REF! | AC18: =ROUND(IF(X18>1,(W18-V18)*$AC$1,0)*(O18/Y18),0) -> #REF! | AD18: =+ROUND(AB18+AC18,0) -> #REF! | AE18: =SUMIF(B:B,B18,AD:AD) -> #REF!
A19: 17 | B19: 283551 | C19: Nguyễn Văn Bảo | D19: baonv8@viettel,com,vn | E19: BU03 - Dịch vụ ngân hàng và tài chính (BSFI) | F19: DEV | G19: J | H19: DEV02 | I19: =VLOOKUP(H19,NLTC!$C$5:$D$28,2,0) -> #REF! | J19: 4 | K19: 2024 | L19: 45383 | M19: 45412 | N19: 22 | O19: =N19/22 -> 1 | P19: =ROUND(IF(S19="ODC",1*O19,I19*O19),3) -> 1 | Q19: =22/22 -> 1 | S19: ODC | T19: BU03,VDS,ViThiTruong (OSDC) | U19: =IF(AND(Q19>=1,S19="ODC"),P19,Q19) -> 1 | V19: =ROUND(SUMIF($B:$B,B19,P:P),3) -> 1 | W19: =ROUND(SUMIF($B:$B,B19,U:U),3) -> 1 | X19: =ROUND(W19/V19,2) -> 1 | Y19: =SUMIF(B:B,B19,O:O) -> 1 | Z19: =VLOOKUP(H19,NLTC!$C$5:$H$271,6,0)/1000 -> #REF! | AA19: =ROUND(IF(X19<=1,AB19*O19*X19,AB19*O19),0) -> #REF! | AB19: =ROUND(IF(X19<=1,Z19*O19*X19,Z19*O19),0) -> #REF! | AC19: =ROUND(IF(X19>1,(W19-V19)*$AC$1,0)*(O19/Y19),0) -> 0 | AD19: =+ROUND(AB19+AC19,0) -> #REF! | AE19: =SUMIF(B:B,B19,AD:AD) -> #REF!
A20: 18 | B20: 288845 | C20: Lê Thị Nga | D20: ngalt34@viettel,com,vn | E20: BU03 - Dịch vụ ngân hàng và tài chính (BSFI) | F20: Tester | G20: J | H20: Tester02 | I20: =VLOOKUP(H20,NLTC!$C$5:$D$28,2,0) -> #REF! | J20: 4 | K20: 2024 | L20: 45383 | M20: 45412 | N20: 22 | O20: =N20/22 -> 1 | P20: =ROUND(IF(S20="ODC",1*O20,I20*O20),3) -> 1 | Q20: =22/22 -> 1 | S20: ODC | T20: BU03,VDS,ViThiTruong (OSDC) | U20: =IF(AND(Q20>=1,S20="ODC"),P20,Q20) -> 1 | V20: =ROUND(SUMIF($B:$B,B20,P:P),3) -> 1 | W20: =ROUND(SUMIF($B:$B,B20,U:U),3) -> 1 | X20: =ROUND(W20/V20,2) -> 1 | Y20: =SUMIF(B:B,B20,O:O) -> 1 | Z20: =VLOOKUP(H20,NLTC!$C$5:$H$271,6,0)/1000 -> #REF! | AA20: =ROUND(IF(X20<=1,AB20*O20*X20,AB20*O20),0) -> #REF! | AB20: =ROUND(IF(X20<=1,Z20*O20*X20,Z20*O20),0) -> #REF! | AC20: =ROUND(IF(X20>1,(W20-V20)*$AC$1,0)*(O20/Y20),0) -> 0 | AD20: =+ROUND(AB20+AC20,0) -> #REF! | AE20: =SUMIF(B:B,B20,AD:AD) -> #REF!
